step,mean_reward,mean_group_reward,std_reward,time_elapsed,memory_usage_avg_mb,memory_usage_peak_mb,cpu_usage_avg_percent,cpu_usage_peak_percent,gpu_usage_avg_mb,gpu_usage_peak_mb,trainer_type,batch_size,buffer_size,learning_rate,beta,epsilon,lambd,num_epoch,learning_rate_schedule,policy_entropy,losses_policy_loss,losses_value_loss
10000,0,-0.26,,24.263,703.8614005,954.671875,10.58148148,100.3,167.8213252,173.8398438,poca,2048,20480,0.0003,0.005,0.2,0.95,3,constant,3.295730352,,
20000,0,0.106,,39.457,797.9464286,998.6992188,6.802380952,100.3,169.3457961,173.8398438,poca,2048,20480,0.0003,0.005,0.2,0.95,3,constant,3.295730829,,
30000,0,0.115,,63.223,987.8780048,1464.542969,4.395384615,100.3,170.3167668,173.8398438,poca,2048,20480,0.0003,0.005,0.2,0.95,3,constant,3.285850048,0.01825669594,0.002762366086
40000,0,0.087,,79.249,1081.879099,1480.527344,3.527160494,100.3,170.6670042,173.8398438,poca,2048,20480,0.0003,0.005,0.2,0.95,3,constant,3.284168243,,
50000,0,-0.037,,111.167,1199.844856,1601.914063,2.528318584,100.3,171.0699322,173.8398438,poca,2048,20480,0.0003,0.005,0.2,0.95,3,constant,3.272064209,0.01909659617,0.002069719834
60000,0,-0.182,,121.21,1220.890847,1601.914063,2.322764228,100.3,171.1528519,173.8398438,poca,2048,20480,0.0003,0.005,0.2,0.95,3,constant,3.271850824,,
70000,0,0.059,,148.704,1270.194141,1601.914063,1.904666667,100.3,171.3215104,173.8398438,poca,2048,20480,0.0003,0.005,0.2,0.95,3,constant,3.260793447,0.01350290328,0.001936836168
80000,0,0,,162.271,1288.700576,1601.914063,1.742073171,100.3,171.3870998,173.8398438,poca,2048,20480,0.0003,0.005,0.2,0.95,3,constant,3.257345438,,
90000,0,-0.146,,191.608,1319.002955,1601.914063,1.480310881,100.3,171.4926935,173.8398438,poca,2048,20480,0.0003,0.005,0.2,0.95,3,constant,3.26761508,0.01418174151,0.002224439522
100000,0,-0.333,,203.341,1324.320466,1601.914063,1.400490196,100.3,171.5248928,173.8398438,poca,2048,20480,0.0003,0.005,0.2,0.95,3,constant,3.278904438,,
110000,0,-0.026,,235.716,1346.479691,1601.914063,1.21059322,100.3,171.6014963,173.8398438,poca,2048,20480,0.0003,0.005,0.2,0.95,3,constant,3.267205238,0.01878992841,0.004106673878
120000,0,-0.309,,244.202,1350.887261,1601.914063,1.166122449,100.3,171.6194356,173.8398438,poca,2048,20480,0.0003,0.005,0.2,0.95,3,constant,3.265133142,,
130000,0,0.065,,277.216,1368.635075,1618.847656,1.027697842,100.3,171.6752754,173.8398438,poca,2048,20480,0.0003,0.005,0.2,0.95,3,constant,3.261936188,0.01721904986,0.004109875299
140000,0,0.124,,287.909,1370.330268,1618.847656,0.9920138889,100.3,171.6896701,173.8398438,poca,2048,20480,0.0003,0.005,0.2,0.95,3,constant,3.256454706,,
150000,0,-0.177,,319.934,1383.433752,1631.304688,0.8928125,100.3,171.7296875,173.8398438,poca,2048,20480,0.0003,0.005,0.2,0.95,3,constant,3.255913258,0.01874003373,0.00244478113
160000,0,0.063,,326.991,1385.727626,1631.304688,0.8737003058,100.3,171.7373973,173.8398438,poca,2048,20480,0.0003,0.005,0.2,0.95,3,constant,3.241345167,,
170000,0,0.203,,341.585,1390.606339,1631.304688,0.837829912,100.3,171.7518672,173.8398438,poca,2048,20480,0.0003,0.005,0.2,0.95,3,constant,3.23318243,,
180000,0,0,,369.398,1401.760607,1631.304688,0.7742547425,100.3,171.7775131,173.8398438,poca,2048,20480,0.0003,0.005,0.2,0.95,3,constant,3.252227068,0.01439959649,0.0009454850806
190000,0,-0.352,,381.578,1405.241275,1631.304688,0.7498687664,100.3,171.7873503,173.8398438,poca,2048,20480,0.0003,0.005,0.2,0.95,3,constant,3.240739107,,
200000,0,0,,410.457,1403.700429,1631.304688,0.6968292683,100.3,171.8087462,173.8398438,poca,2048,20480,0.0003,0.005,0.2,0.95,3,constant,3.244391203,0.0170530472,0.001615444897
210000,0,-0.231,,426.614,1401.38428,1631.304688,0.670657277,100.3,171.8193038,173.8398438,poca,2048,20480,0.0003,0.005,0.2,0.95,3,constant,3.238606691,,
220000,0,-0.032,,456.087,1396.309478,1631.304688,0.6279120879,100.3,171.836547,173.8398438,poca,2048,20480,0.0003,0.005,0.2,0.95,3,constant,3.231847048,0.01695017703,0.003433599835
230000,0,0.093,,465.99,1394.060795,1631.304688,0.6144086022,100.3,171.8419943,173.8398438,poca,2048,20480,0.0003,0.005,0.2,0.95,3,constant,3.222845554,,
240000,0,0.013,,497.696,1389.067942,1631.304688,0.5760080645,100.3,171.8574849,173.8398438,poca,2048,20480,0.0003,0.005,0.2,0.95,3,constant,3.228870392,0.01603370532,0.001771624549
250000,0,-0.643,,506.222,1387.061742,1631.304688,0.5657425743,100.3,171.8616259,173.8398438,poca,2048,20480,0.0003,0.005,0.2,0.95,3,constant,3.238055706,,
260000,0,0.147,,535.705,1383.675372,1631.304688,0.5350187266,100.3,171.8740198,173.8398438,poca,2048,20480,0.0003,0.005,0.2,0.95,3,constant,3.234963655,0.01721457019,0.004283001181
270000,0,-0.104,,547.631,1381.30453,1631.304688,0.5232600733,100.3,171.8787632,173.8398438,poca,2048,20480,0.0003,0.005,0.2,0.95,3,constant,3.238285065,,
280000,0,-0.004,,576.126,1379.130458,1631.304688,0.4977351916,100.3,171.8890598,173.8398438,poca,2048,20480,0.0003,0.005,0.2,0.95,3,constant,3.248174667,0.01763507538,0.003579996526
290000,0,0,,588.156,1377.71921,1631.304688,0.4875426621,100.3,171.8931714,173.8398438,poca,2048,20480,0.0003,0.005,0.2,0.95,3,constant,3.243088007,,
300000,0,-0.192,,619.171,1375.742821,1631.304688,0.4630470016,100.3,171.9030528,173.8398438,poca,2048,20480,0.0003,0.005,0.2,0.95,3,constant,3.241822481,0.01675284654,0.0008077640086
310000,0,0.13,,629.598,1375.371779,1631.304688,0.455661882,100.3,171.9060319,173.8398438,poca,2048,20480,0.0003,0.005,0.2,0.95,3,constant,3.238983631,,
320000,0,0.162,,658.962,1374.790617,1631.304688,0.4355182927,100.3,171.9141578,173.8398438,poca,2048,20480,0.0003,0.005,0.2,0.95,3,constant,3.241820812,0.01820252836,0.001067660633
330000,0,0,,666.08,1374.619839,1631.304688,0.4309200603,100.3,171.9160127,173.8398438,poca,2048,20480,0.0003,0.005,0.2,0.95,3,constant,3.238117695,,
340000,0,-0.097,,676.572,1374.379573,1631.304688,0.4238872404,100.3,171.9188497,173.8398438,poca,2048,20480,0.0003,0.005,0.2,0.95,3,constant,3.242373705,,
350000,0,-0.176,,711.072,1371.337438,1631.304688,0.4035310734,100.3,171.9270613,173.8398438,poca,2048,20480,0.0003,0.005,0.2,0.95,3,constant,3.227072239,0.01433640905,0.002964905696
360000,0,-0.364,,722.993,1369.583637,1631.304688,0.3968055556,100.3,171.9297743,173.8398438,poca,2048,20480,0.0003,0.005,0.2,0.95,3,constant,3.226769924,,
370000,0,0.036,,749.185,1368.578125,1631.304688,0.3829758713,100.3,171.9353531,173.8398438,poca,2048,20480,0.0003,0.005,0.2,0.95,3,constant,3.227015018,0.01674187742,0.002489010803
380000,0,0.036,,763.251,1367.30403,1631.304688,0.3759210526,100.3,171.938199,173.8398438,poca,2048,20480,0.0003,0.005,0.2,0.95,3,constant,3.219770908,,
390000,0,-0.061,,791.595,1366.427551,1631.304688,0.3625634518,100.3,171.9435874,173.8398438,poca,2048,20480,0.0003,0.005,0.2,0.95,3,constant,3.227942705,0.01918465644,0.004122158047
400000,0,-0.308,,801.395,1365.647698,1631.304688,0.3580200501,100.3,171.9454202,173.8398438,poca,2048,20480,0.0003,0.005,0.2,0.95,3,constant,3.192069292,,
410000,0,-0.176,,835.488,1363.695017,1631.304688,0.3433894231,100.3,171.9513221,173.8398438,poca,2048,20480,0.0003,0.005,0.2,0.95,3,constant,3.206856728,0.02314397134,0.002349224873
420000,0,-0.168,,848.852,1362.411788,1631.304688,0.3381065089,100.3,171.9534532,173.8398438,poca,2048,20480,0.0003,0.005,0.2,0.95,3,constant,3.227228642,,
430000,0,0,,873.997,1362.314058,1631.304688,0.3283908046,100.3,171.9573725,173.8398438,poca,2048,20480,0.0003,0.005,0.2,0.95,3,constant,3.226501226,0.01583103463,0.001792714233
440000,0,-0.02,,889.136,1361.065943,1631.304688,0.3228248588,100.3,171.9596178,173.8398438,poca,2048,20480,0.0003,0.005,0.2,0.95,3,constant,3.209190607,,
450000,0,-0.125,,918.348,1360.305987,1631.304688,0.3125820569,100.3,171.9637497,173.8398438,poca,2048,20480,0.0003,0.005,0.2,0.95,3,constant,3.176228762,0.0164598152,0.002146913903
460000,0,0,,928.503,1359.695638,1631.304688,0.3091991342,100.3,171.9651143,173.8398438,poca,2048,20480,0.0003,0.005,0.2,0.95,3,constant,3.214616299,,
470000,0,0.115,,961.978,1358.979212,1631.304688,0.2985370951,100.3,171.9694153,173.8398438,poca,2048,20480,0.0003,0.005,0.2,0.95,3,constant,3.186867952,0.01756648719,0.0002433628397
480000,0,-0.333,,969.346,1358.558849,1631.304688,0.2963692946,100.3,171.9702898,173.8398438,poca,2048,20480,0.0003,0.005,0.2,0.95,3,constant,3.222805023,,
490000,0,0.029,,981.212,1357.784308,1631.304688,0.2927254098,100.3,171.9717597,173.8398438,poca,2048,20480,0.0003,0.005,0.2,0.95,3,constant,3.204793215,,
500000,0,-0.047,,1014.054,1357.63771,1631.304688,0.2831516353,100.3,171.9756217,173.8398438,poca,2048,20480,0.0003,0.005,0.2,0.95,3,constant,3.1995399,0.01186456904,0.001569648157
510000,0,0.02,,1021.503,1357.455828,1631.304688,0.2812007874,100.3,171.9764087,173.8398438,poca,2048,20480,0.0003,0.005,0.2,0.95,3,constant,3.201253891,,
520000,0,0.126,,1051.263,1357.051648,1631.304688,0.2731357553,100.3,171.9796621,173.8398438,poca,2048,20480,0.0003,0.005,0.2,0.95,3,constant,3.188236952,0.01658480056,0.001195971505
530000,0,-0.115,,1064.793,1356.467477,1631.304688,0.269782814,100.3,171.9810147,173.8398438,poca,2048,20480,0.0003,0.005,0.2,0.95,3,constant,3.186328173,,
540000,0,-0.2,,1091.661,1356.31146,1631.304688,0.2630755064,100.3,171.9837204,173.8398438,poca,2048,20480,0.0003,0.005,0.2,0.95,3,constant,3.182601929,0.01945918053,0.001840629149
550000,0,0.067,,1104.831,1355.688883,1631.304688,0.2599636033,100.3,171.9849757,173.8398438,poca,2048,20480,0.0003,0.005,0.2,0.95,3,constant,3.169399261,,
560000,0,-0.182,,1134.09,1355.698253,1631.304688,0.2532801418,100.3,171.9876718,173.8398438,poca,2048,20480,0.0003,0.005,0.2,0.95,3,constant,3.179901838,0.0226112511,0.0001461393258
570000,0,0.005,,1144.794,1355.515701,1631.304688,0.2510544815,100.3,171.9885696,173.8398438,poca,2048,20480,0.0003,0.005,0.2,0.95,3,constant,3.151130676,,
580000,0,-0.145,,1172.629,1355.401332,1631.304688,0.245025729,100.3,171.9910016,173.8398438,poca,2048,20480,0.0003,0.005,0.2,0.95,3,constant,3.18683672,0.01700838469,0.001606498496
590000,0,0,,1182.825,1354.921048,1631.304688,0.2429421769,100.3,171.991842,173.8398438,poca,2048,20480,0.0003,0.005,0.2,0.95,3,constant,3.170666218,,
600000,0,-0.333,,1196.631,1354.272994,1631.304688,0.2400840336,100.3,171.992995,173.8398438,poca,2048,20480,0.0003,0.005,0.2,0.95,3,constant,3.144207716,,
610000,0,-0.2,,1234.148,1353.485992,1631.304688,0.2328443358,100.3,171.9959155,173.8398438,poca,2048,20480,0.0003,0.005,0.2,0.95,3,constant,3.18914175,0.01580928266,0.001451494987
620000,0,-0.182,,1243.193,1353.17691,1631.304688,0.2311488673,100.3,171.9965994,173.8398438,poca,2048,20480,0.0003,0.005,0.2,0.95,3,constant,3.175102711,,
630000,0,-0.036,,1270.017,1353.152993,1631.304688,0.2262074426,100.3,171.9985928,173.8398438,poca,2048,20480,0.0003,0.005,0.2,0.95,3,constant,3.151878834,0.02129191719,0.002541678026
640000,0,-0.158,,1282.946,1352.865776,1631.304688,0.2239028213,100.3,171.9995224,173.8398438,poca,2048,20480,0.0003,0.005,0.2,0.95,3,constant,3.158802509,,
650000,0,-0.182,,1312.61,1352.772369,1631.304688,0.2189272031,100.3,172.0015296,173.8398438,poca,2048,20480,0.0003,0.005,0.2,0.95,3,constant,3.165722609,0.01594730467,0.002080297796
660000,0,0,,1322.275,1352.353042,1631.304688,0.2172623574,100.3,172.0022012,173.8398438,poca,2048,20480,0.0003,0.005,0.2,0.95,3,constant,3.205180883,,
670000,0,0,,1355.224,1352.523754,1631.304688,0.2121009651,100.3,172.0042832,173.8398438,poca,2048,20480,0.0003,0.005,0.2,0.95,3,constant,3.177211523,0.01651537046,0.0007936182083
680000,0,0.134,,1364.365,1352.295936,1631.304688,0.2106932153,100.3,172.0048511,173.8398438,poca,2048,20480,0.0003,0.005,0.2,0.95,3,constant,3.205124855,,
690000,0,-0.364,,1395.494,1352.048334,1631.304688,0.2059841384,100.3,172.0067507,173.8398438,poca,2048,20480,0.0003,0.005,0.2,0.95,3,constant,3.19673872,0.01477664523,0.002121935599
700000,0,-0.182,,1406.918,1351.102836,1631.304688,0.2042172981,100.3,172.0074635,173.8398438,poca,2048,20480,0.0003,0.005,0.2,0.95,3,constant,3.212055922,,
710000,0,0.02,,1433.129,1350.930181,1631.304688,0.2004912281,100.3,172.0089666,173.8398438,poca,2048,20480,0.0003,0.005,0.2,0.95,3,constant,3.196538687,0.01739055291,0.0008645227063
720000,0,-0.202,,1445.643,1350.529353,1631.304688,0.1988169798,100.3,172.0096419,173.8398438,poca,2048,20480,0.0003,0.005,0.2,0.95,3,constant,3.183937073,,
730000,0,0,,1472.423,1350.575729,1631.304688,0.1951502732,100.3,172.0111211,173.8398438,poca,2048,20480,0.0003,0.005,0.2,0.95,3,constant,3.19341445,0.01514534466,0.001952877035
740000,0,-0.182,,1483.529,1350.536774,1631.304688,0.1936949153,100.3,172.0117082,173.8398438,poca,2048,20480,0.0003,0.005,0.2,0.95,3,constant,3.192032337,,
750000,0,-0.2,,1514.681,1350.754241,1631.304688,0.1897078353,100.3,172.0133165,173.8398438,poca,2048,20480,0.0003,0.005,0.2,0.95,3,constant,3.19234252,0.01424074173,0.001414169441
760000,0,-0.047,,1526.18,1350.248223,1631.304688,0.1883322347,100.3,172.0138714,173.8398438,poca,2048,20480,0.0003,0.005,0.2,0.95,3,constant,3.190962553,,
770000,0,-0.182,,1554.696,1350.487313,1631.304688,0.1849190939,100.3,172.0152483,173.8398438,poca,2048,20480,0.0003,0.005,0.2,0.95,3,constant,3.187117338,0.01669097133,0.00203100103
780000,0,0,,1568.096,1350.5102,1631.304688,0.183258499,100.3,172.0159182,173.8398438,poca,2048,20480,0.0003,0.005,0.2,0.95,3,constant,3.196723223,,
790000,0,0,,1579.764,1350.395031,1631.304688,0.1819745223,100.3,172.0164361,173.8398438,poca,2048,20480,0.0003,0.005,0.2,0.95,3,constant,3.169615746,,
800000,0,0,,1604.351,1350.734201,1631.304688,0.1791222571,100.3,172.0175867,173.8398438,poca,2048,20480,0.0003,0.005,0.2,0.95,3,constant,3.191791773,0.01834311895,1.49E-05
810000,0,-0.254,,1621.589,1350.262448,1631.304688,0.1772332506,100.3,172.0183487,173.8398438,poca,2048,20480,0.0003,0.005,0.2,0.95,3,constant,3.184901237,,
820000,0,0.12,,1650.943,1350.512859,1631.304688,0.1741011578,100.3,172.0196122,173.8398438,poca,2048,20480,0.0003,0.005,0.2,0.95,3,constant,3.162699938,0.02124178596,0.002711693989
830000,0,0,,1659.709,1350.44517,1631.304688,0.1731515152,100.3,172.0199953,173.8398438,poca,2048,20480,0.0003,0.005,0.2,0.95,3,constant,3.1711483,,
840000,0,0.093,,1689.279,1349.894264,1631.304688,0.17016081,100.3,172.0212017,173.8398438,poca,2048,20480,0.0003,0.005,0.2,0.95,3,constant,3.17839241,0.01809663326,0.0004639120598
850000,0,-0.004,,1700.476,1349.371873,1631.304688,0.1690532544,100.3,172.0216485,173.8398438,poca,2048,20480,0.0003,0.005,0.2,0.95,3,constant,3.184622765,,
860000,0,0.169,,1728.969,1349.563375,1631.304688,0.166298021,100.3,172.0227599,173.8398438,poca,2048,20480,0.0003,0.005,0.2,0.95,3,constant,3.170715094,0.0136200171,0.002182927914
870000,0,-0.2,,1738.276,1349.477309,1631.304688,0.1654313839,100.3,172.0231095,173.8398438,poca,2048,20480,0.0003,0.005,0.2,0.95,3,constant,3.179356575,,
880000,0,0.002,,1769.11,1349.766938,1631.304688,0.1625142207,100.3,172.0242863,173.8398438,poca,2048,20480,0.0003,0.005,0.2,0.95,3,constant,3.167644739,0.0178247802,0.0009999200702
890000,0,-0.273,,1777.586,1349.610034,1631.304688,0.1617780294,100.3,172.0245833,173.8398438,poca,2048,20480,0.0003,0.005,0.2,0.95,3,constant,3.174623728,,
900000,0,-0.1,,1808.393,1349.553555,1631.304688,0.1589872009,100.3,172.0257091,173.8398438,poca,2048,20480,0.0003,0.005,0.2,0.95,3,constant,3.176611185,0.01728796214,0.002818044042
910000,0,-0.092,,1816.42,1349.463924,1631.304688,0.1582825485,100.3,172.0259933,173.8398438,poca,2048,20480,0.0003,0.005,0.2,0.95,3,constant,3.198141813,,
920000,0,-0.271,,1843.951,1349.681385,1631.304688,0.1559497817,100.3,172.0269344,173.8398438,poca,2048,20480,0.0003,0.005,0.2,0.95,3,constant,3.197320938,0.01368911844,0.002316622296
930000,0,0,,1855.627,1349.365847,1631.304688,0.1549349241,100.3,172.0273438,173.8398438,poca,2048,20480,0.0003,0.005,0.2,0.95,3,constant,3.179195881,,
940000,0,-0.167,,1885.489,1349.535148,1631.304688,0.1524546425,100.3,172.0283443,173.8398438,poca,2048,20480,0.0003,0.005,0.2,0.95,3,constant,3.189978361,0.01721385494,0.0008817114867
950000,0,0,,1896.526,1349.617358,1631.304688,0.1516454352,100.3,172.0287371,173.8398438,poca,2048,20480,0.0003,0.005,0.2,0.95,3,constant,3.190358639,,
960000,0,-0.149,,1923.13,1350.079707,1631.304688,0.1495028781,100.3,172.0304835,173.8398438,poca,2048,20480,0.0003,0.005,0.2,0.95,3,constant,3.187981844,0.0173230283,0.0008331293357
970000,0,0.022,,1937.995,1349.839008,1631.304688,0.1483385254,100.3,172.0314325,173.8398438,poca,2048,20480,0.0003,0.005,0.2,0.95,3,constant,3.196439028,,
980000,0,0.122,,1948.942,1349.850675,1631.304688,0.147572314,100.3,172.0320571,173.8398438,poca,2048,20480,0.0003,0.005,0.2,0.95,3,constant,3.197645187,,
990000,0,0.028,,1974.862,1350.141342,1631.304688,0.1456167176,100.3,172.0336511,173.8398438,poca,2048,20480,0.0003,0.005,0.2,0.95,3,constant,3.193341017,0.01930375211,0.000408621534
1000000,0,0.113,,1984.454,1350.305553,1631.304688,0.1448782961,100.3,172.034253,173.8398438,poca,2048,20480,0.0003,0.005,0.2,0.95,3,constant,3.187447548,,
1010000,0,-0.256,,2020.416,1350.406814,1631.304688,0.1423517688,100.3,172.0363124,173.8398438,poca,2048,20480,0.0003,0.005,0.2,0.95,3,constant,3.188287258,0.02112228237,0.0005152562517
1020000,0,0.265,,2035.945,1350.195919,1631.304688,0.1412259021,100.3,172.0372301,173.8398438,poca,2048,20480,0.0003,0.005,0.2,0.95,3,constant,3.190516233,,
1030000,0,-0.2,,2063.948,1350.480522,1631.304688,0.1392979035,100.3,172.0388016,173.8398438,poca,2048,20480,0.0003,0.005,0.2,0.95,3,constant,3.167034149,0.01916735992,0.004311531782
1040000,0,0.159,,2075.019,1350.474842,1631.304688,0.1385548012,100.3,172.0394073,173.8398438,poca,2048,20480,0.0003,0.005,0.2,0.95,3,constant,3.152769327,,
1050000,0,0,,2106.57,1350.438185,1631.304688,0.1365026278,100.3,172.04108,173.8398438,poca,2048,20480,0.0003,0.005,0.2,0.95,3,constant,3.166512728,0.01782705449,0.000782311894
1060000,0,0,,2111.318,1350.244651,1631.304688,0.1361773117,100.3,172.0413452,173.8398438,poca,2048,20480,0.0003,0.005,0.2,0.95,3,constant,3.159928799,,
1070000,0,0,,2145.732,1349.75852,1631.304688,0.1340056285,100.3,172.0431153,173.8398438,poca,2048,20480,0.0003,0.005,0.2,0.95,3,constant,3.159070015,0.01845705695,1.22E-05
1080000,0,0.068,,2160.248,1349.716287,1631.304688,0.1331314073,100.3,172.0438279,173.8398438,poca,2048,20480,0.0003,0.005,0.2,0.95,3,constant,3.131426334,,
1090000,0,-0.167,,2183.143,1350.072493,1631.304688,0.1317196865,100.3,172.0449786,173.8398438,poca,2048,20480,0.0003,0.005,0.2,0.95,3,constant,3.142958164,0.01609980501,0.000886591617
1100000,0,0,,2199.592,1350.13359,1631.304688,0.1307551487,100.3,172.0457934,173.8398438,poca,2048,20480,0.0003,0.005,0.2,0.95,3,constant,3.166121721,,
1110000,0,0.152,,2205.028,1350.145888,1631.304688,0.130397079,100.3,172.0462563,173.8398438,poca,2048,20480,0.0003,0.005,0.2,0.95,3,constant,3.16325736,,
1120000,0,-0.418,,2237.434,1350.090309,1631.304688,0.128520018,100.3,172.0486832,173.8398438,poca,2048,20480,0.0003,0.005,0.2,0.95,3,constant,3.180547237,0.01681072824,0.0005725534284
1130000,0,-0.337,,2253.817,1349.693941,1631.304688,0.1276016079,100.3,172.0498705,173.8398438,poca,2048,20480,0.0003,0.005,0.2,0.95,3,constant,3.171546459,,
1140000,0,0,,2273.594,1349.920592,1631.304688,0.1264718902,100.3,172.0513311,173.8398438,poca,2048,20480,0.0003,0.005,0.2,0.95,3,constant,3.173993587,0.01762007736,0.004868469201
1150000,0,0.122,,2289.459,1349.852784,1631.304688,0.1256376429,100.3,172.0524097,173.8398438,poca,2048,20480,0.0003,0.005,0.2,0.95,3,constant,3.171486378,,
1160000,0,0.106,,2315.686,1350.113347,1631.304688,0.1242173913,100.3,172.0542459,173.8398438,poca,2048,20480,0.0003,0.005,0.2,0.95,3,constant,3.178382635,0.01474422216,0.0004515884502
1170000,0,-0.308,,2326.191,1350.030464,1631.304688,0.1236261359,100.3,172.0550103,173.8398438,poca,2048,20480,0.0003,0.005,0.2,0.95,3,constant,3.180866957,,
1180000,0,-0.264,,2354.511,1350.201574,1631.304688,0.1221462163,100.3,172.0569237,173.8398438,poca,2048,20480,0.0003,0.005,0.2,0.95,3,constant,3.17814517,0.01756250672,0.004149454646
1190000,0,-0.167,,2367.425,1350.18508,1631.304688,0.1214710884,100.3,172.0577966,173.8398438,poca,2048,20480,0.0003,0.005,0.2,0.95,3,constant,3.189131975,,
1200000,0,0,,2398.645,1350.450837,1631.304688,0.1198908938,100.3,172.0598396,173.8398438,poca,2048,20480,0.0003,0.005,0.2,0.95,3,constant,3.187537193,0.0133244032,0.001612836728
1210000,0,-0.023,,2415.708,1350.38474,1631.304688,0.1190416667,100.3,172.0609375,173.8398438,poca,2048,20480,0.0003,0.005,0.2,0.95,3,constant,3.179389715,,
1220000,0,0,,2446.627,1350.58622,1631.304688,0.1175720165,100.3,172.0628376,173.8398438,poca,2048,20480,0.0003,0.005,0.2,0.95,3,constant,3.185523748,0.01383715682,0.001090848818
1230000,0,-0.182,,2454.934,1350.43488,1631.304688,0.1171381714,100.3,172.0633985,173.8398438,poca,2048,20480,0.0003,0.005,0.2,0.95,3,constant,3.192489862,,
1240000,0,0,,2486.266,1350.546992,1631.304688,0.1156680162,100.3,172.0652992,173.8398438,poca,2048,20480,0.0003,0.005,0.2,0.95,3,constant,3.192520857,0.01414105948,0.0008027442382
1250000,0,0.035,,2495.187,1350.467132,1631.304688,0.1152480839,100.3,172.0658421,173.8398438,poca,2048,20480,0.0003,0.005,0.2,0.95,3,constant,3.215379953,,
1260000,0,-0.329,,2505.399,1350.405037,1631.304688,0.1147850542,100.3,172.0664408,173.8398438,poca,2048,20480,0.0003,0.005,0.2,0.95,3,constant,3.190972567,,
1270000,0,-0.17,,2537.462,1350.595155,1631.304688,0.1133280444,100.3,172.0683245,173.8398438,poca,2048,20480,0.0003,0.005,0.2,0.95,3,constant,3.190930367,0.01774296165,0.001647594851
1280000,0,-0.239,,2544.903,1350.611605,1631.304688,0.1130142405,100.3,172.0687302,173.8398438,poca,2048,20480,0.0003,0.005,0.2,0.95,3,constant,3.189819574,,
1290000,0,-0.249,,2574.386,1350.749769,1631.304688,0.111732499,100.3,172.0703874,173.8398438,poca,2048,20480,0.0003,0.005,0.2,0.95,3,constant,3.191857576,0.01877644844,0.00274816039
1300000,0,-0.059,,2584.287,1350.6063,1631.304688,0.1112972341,100.3,172.0709501,173.8398438,poca,2048,20480,0.0003,0.005,0.2,0.95,3,constant,3.18709445,,
1310000,0,0,,2616.402,1350.822881,1631.304688,0.109926895,100.3,172.0727218,173.8398438,poca,2048,20480,0.0003,0.005,0.2,0.95,3,constant,3.189501762,0.01524300408,0.001140464214
1320000,0,0,,2628.203,1350.803274,1631.304688,0.1094216775,100.3,172.073375,173.8398438,poca,2048,20480,0.0003,0.005,0.2,0.95,3,constant,3.17010355,,
1330000,0,0,,2654.069,1351.063038,1631.304688,0.108383915,100.3,172.0747167,173.8398438,poca,2048,20480,0.0003,0.005,0.2,0.95,3,constant,3.182832479,0.01709958911,2.09E-05
1340000,0,0.176,,2669.855,1350.983911,1631.304688,0.1077300151,100.3,172.0755621,173.8398438,poca,2048,20480,0.0003,0.005,0.2,0.95,3,constant,3.17805934,,
1350000,0,-0.182,,2700.786,1351.11749,1631.304688,0.1064852777,100.3,172.0771714,173.8398438,poca,2048,20480,0.0003,0.005,0.2,0.95,3,constant,3.188762665,0.01418061089,0.0005229092203
1360000,0,-0.091,,2688.384,1350.98955,1631.304688,0.1061687105,100.3,172.0775807,173.8398438,poca,2048,20480,0.0003,0.005,0.2,0.95,3,constant,3.190852642,,
1370000,0,0.081,,2698.919,1350.868844,1631.304688,0.1057364915,100.3,172.0781626,173.8398438,poca,2048,20480,0.0003,0.005,0.2,0.95,3,constant,3.196177721,,
1380000,0,-0.182,,2728.349,1351.109113,1631.304688,0.1046136946,100.3,172.0802777,173.8398438,poca,2048,20480,0.0003,0.005,0.2,0.95,3,constant,3.1677773,0.02044502832,0.002065678127
1390000,0,0,,2741.997,1351.023216,1631.304688,0.1040801457,100.3,172.0812827,173.8398438,poca,2048,20480,0.0003,0.005,0.2,0.95,3,constant,3.175626755,,
1400000,0,-0.167,,2768.927,1351.330636,1631.304688,0.1031035727,100.3,172.0831223,173.8398438,poca,2048,20480,0.0003,0.005,0.2,0.95,3,constant,3.179624557,0.01449179649,0.0007880807971
1410000,0,-0.193,,2791.12,1351.160086,1631.304688,0.1022914429,100.3,172.0846522,173.8398438,poca,2048,20480,0.0003,0.005,0.2,0.95,3,constant,3.185894012,,
1420000,0,0.141,,2815.926,1351.378195,1631.304688,0.1013839603,100.3,172.0863617,173.8398438,poca,2048,20480,0.0003,0.005,0.2,0.95,3,constant,3.18398571,0.01932341419,0.00219285721
1430000,0,-0.182,,2829.433,1351.279418,1631.304688,0.1009184034,100.3,172.0872387,173.8398438,poca,2048,20480,0.0003,0.005,0.2,0.95,3,constant,3.189673424,,
1440000,0,-0.046,,2855.383,1351.490674,1631.304688,0.1,100.3,172.0889687,173.8398438,poca,2048,20480,0.0003,0.005,0.2,0.95,3,constant,3.186914444,0.01947736926,0.001413516002
1450000,0,-0.239,,2868.467,1351.396147,1631.304688,0.09954703833,100.3,172.089822,173.8398438,poca,2048,20480,0.0003,0.005,0.2,0.95,3,constant,3.189990282,,
1460000,0,0,,2895.773,1351.695736,1631.304688,0.0986192613,100.3,172.0915697,173.8398438,poca,2048,20480,0.0003,0.005,0.2,0.95,3,constant,3.189476967,0.01155223604,0.002939105034
1470000,0,-0.064,,2910.981,1351.584714,1631.304688,0.09811126374,100.3,172.0926541,173.8398438,poca,2048,20480,0.0003,0.005,0.2,0.95,3,constant,3.192858696,,
1480000,0,0,,2942.045,1351.695818,1631.304688,0.09707781176,100.3,172.0953813,173.8398438,poca,2048,20480,0.0003,0.005,0.2,0.95,3,constant,3.198822737,0.01871021651,0.001091501443
1490000,0,0,,2950.502,1351.572213,1631.304688,0.09681463911,100.3,172.0960757,173.8398438,poca,2048,20480,0.0003,0.005,0.2,0.95,3,constant,3.184995413,,
1500000,0,-0.106,,2961.867,1351.479215,1631.304688,0.09642254472,100.3,172.0971105,173.8398438,poca,2048,20480,0.0003,0.005,0.2,0.95,3,constant,3.192626715,,
1510000,0,0.012,,2989.271,1351.461443,1631.304688,0.09555183946,100.3,172.0994082,173.8398438,poca,2048,20480,0.0003,0.005,0.2,0.95,3,constant,3.191250086,0.01487677544,0.0008867424913
1520000,0,0,,3003.432,1351.290079,1631.304688,0.09510652463,100.3,172.1005833,173.8398438,poca,2048,20480,0.0003,0.005,0.2,0.95,3,constant,3.192003489,,
1530000,0,0,,3030.198,1351.711631,1631.304688,0.09425932036,100.3,172.102819,173.8398438,poca,2048,20480,0.0003,0.005,0.2,0.95,3,constant,3.189447403,0.01615856402,1.01E-05
1540000,0,-0.182,,3041.763,1351.819714,1631.304688,0.09391847469,100.3,172.1037185,173.8398438,poca,2048,20480,0.0003,0.005,0.2,0.95,3,constant,3.177683353,,
1550000,0,0.099,,3069.597,1351.950462,1631.304688,0.09306188925,100.3,172.105979,173.8398438,poca,2048,20480,0.0003,0.005,0.2,0.95,3,constant,3.194146633,0.01285851374,0.0007848151727
1560000,0,0.021,,3083.306,1351.72905,1631.304688,0.09266947778,100.3,172.1070145,173.8398438,poca,2048,20480,0.0003,0.005,0.2,0.95,3,constant,3.198994875,,
1570000,0,0,,3109.167,1351.720975,1631.304688,0.09189449984,100.3,172.1090596,173.8398438,poca,2048,20480,0.0003,0.005,0.2,0.95,3,constant,3.188895941,0.01494192705,0.0002015261125
1580000,0,-0.064,,3120.461,1351.654974,1631.304688,0.09157051282,100.3,172.1099146,173.8398438,poca,2048,20480,0.0003,0.005,0.2,0.95,3,constant,3.191575527,,
1590000,0,0,,3149.313,1351.788798,1631.304688,0.09072721499,100.3,172.11214,173.8398438,poca,2048,20480,0.0003,0.005,0.2,0.95,3,constant,3.19754982,0.02045734972,0.001019809162
1600000,0,-0.182,,3160.609,1351.787364,1631.304688,0.09041139241,100.3,172.1129734,173.8398438,poca,2048,20480,0.0003,0.005,0.2,0.95,3,constant,3.20506978,,
1610000,0,-0.026,,3202.158,1351.831661,1631.304688,0.08925335833,100.3,172.1160294,173.8398438,poca,2048,20480,0.0003,0.005,0.2,0.95,3,constant,3.193874836,0.01958418451,0.001277254429
1620000,0,0,,3208.361,1351.834124,1631.304688,0.08908637356,100.3,172.1164701,173.8398438,poca,2048,20480,0.0003,0.005,0.2,0.95,3,constant,3.198829412,,
1630000,0,-0.333,,3239.466,1352.014042,1631.304688,0.08823347746,100.3,172.1187208,173.8398438,poca,2048,20480,0.0003,0.005,0.2,0.95,3,constant,3.193812609,0.01422010269,0.001631110907
1640000,0,0,,3252.386,1351.842365,1631.304688,0.08788065211,100.3,172.1196519,173.8398438,poca,2048,20480,0.0003,0.005,0.2,0.95,3,constant,3.177123547,,
1650000,0,0,,3276.914,1351.79442,1631.304688,0.08723664122,100.3,172.1213514,173.8398438,poca,2048,20480,0.0003,0.005,0.2,0.95,3,constant,3.164880991,0.01672051474,0.000825991272
1660000,0,-0.5,,3291.87,1351.487261,1631.304688,0.08683890578,100.3,172.122401,173.8398438,poca,2048,20480,0.0003,0.005,0.2,0.95,3,constant,3.196793079,,
1670000,0,0,,3317.784,1351.434468,1631.304688,0.08615802171,100.3,172.1241978,173.8398438,poca,2048,20480,0.0003,0.005,0.2,0.95,3,constant,3.201370239,0.01396125089,0.003281433135
1680000,0,0.077,,3328.195,1351.291287,1631.304688,0.08589897775,100.3,172.1248814,173.8398438,poca,2048,20480,0.0003,0.005,0.2,0.95,3,constant,3.190965652,,
1690000,0,-0.167,,3341.219,1351.096755,1631.304688,0.08556454028,100.3,172.1257639,173.8398438,poca,2048,20480,0.0003,0.005,0.2,0.95,3,constant,3.189694405,,
1700000,0,0,,3368.856,1351.270433,1631.304688,0.0848781937,100.3,172.1275752,173.8398438,poca,2048,20480,0.0003,0.005,0.2,0.95,3,constant,3.179028749,0.02000878751,0.000894408091
1710000,0,0,,3380.534,1351.064945,1631.304688,0.08457667259,100.3,172.1283708,173.8398438,poca,2048,20480,0.0003,0.005,0.2,0.95,3,constant,3.170426846,,
1720000,0,0.117,,3404.053,1351.336397,1631.304688,0.0840047045,100.3,172.1298802,173.8398438,poca,2048,20480,0.0003,0.005,0.2,0.95,3,constant,3.175637007,0.01348860096,0.0003664049436
1730000,0,0,,3417.443,1351.374017,1631.304688,0.08366032211,100.3,172.130789,173.8398438,poca,2048,20480,0.0003,0.005,0.2,0.95,3,constant,3.162504196,,
1740000,0,0.115,,3447.697,1351.523174,1631.304688,0.0829317852,100.3,172.1327116,173.8398438,poca,2048,20480,0.0003,0.005,0.2,0.95,3,constant,3.162793159,0.01799899526,3.07E-06
1750000,0,0,,3458.149,1351.486542,1631.304688,0.08269175109,100.3,172.133345,173.8398438,poca,2048,20480,0.0003,0.005,0.2,0.95,3,constant,3.150072336,,
1760000,0,0,,3487.292,1351.608454,1631.304688,0.08200344432,100.3,172.1351614,173.8398438,poca,2048,20480,0.0003,0.005,0.2,0.95,3,constant,3.167124748,0.01261500083,0.0003445984039
1770000,0,0,,3500.303,1351.587246,1631.304688,0.0816985988,100.3,172.1359659,173.8398438,poca,2048,20480,0.0003,0.005,0.2,0.95,3,constant,3.171622276,,
1780000,0,0,,3528.525,1351.823887,1631.304688,0.08104964539,100.3,172.1376784,173.8398438,poca,2048,20480,0.0003,0.005,0.2,0.95,3,constant,3.163175344,0.02109712735,7.85E-07
1790000,0,0,,3540.625,1351.821926,1631.304688,0.0807746678,100.3,172.1384041,173.8398438,poca,2048,20480,0.0003,0.005,0.2,0.95,3,constant,3.166397333,,
1800000,0,0,,3569.893,1352.106905,1631.304688,0.08011777902,100.3,172.1401375,173.8398438,poca,2048,20480,0.0003,0.005,0.2,0.95,3,constant,3.167251587,0.01517068129,2.95E-07
1810000,0,-0.089,,3585.934,1352.038597,1631.304688,0.07975991066,100.3,172.1410819,173.8398438,poca,2048,20480,0.0003,0.005,0.2,0.95,3,constant,3.183659077,,
1820000,0,-0.083,,3596.555,1352.00051,1631.304688,0.07953786192,100.3,172.1416679,173.8398438,poca,2048,20480,0.0003,0.005,0.2,0.95,3,constant,3.183443308,,
1830000,0,0.105,,3626.558,1352.353113,1631.304688,0.07887907234,100.3,172.1434064,173.8398438,poca,2048,20480,0.0003,0.005,0.2,0.95,3,constant,3.180334091,0.01667602919,0.001827743254
1840000,0,0,,3638.068,1352.431786,1631.304688,0.07861860209,100.3,172.1440938,173.8398438,poca,2048,20480,0.0003,0.005,0.2,0.95,3,constant,3.173050642,,
1850000,0,0,,3666.963,1352.728521,1631.304688,0.07801747679,100.3,172.1456801,173.8398438,poca,2048,20480,0.0003,0.005,0.2,0.95,3,constant,3.185637236,0.01313047204,0.000300753396
1860000,0,0,,3676.076,1352.802226,1631.304688,0.07782620539,100.3,172.1461848,173.8398438,poca,2048,20480,0.0003,0.005,0.2,0.95,3,constant,3.182723045,,
1870000,0,0.044,,3706.817,1353.058549,1631.304688,0.07717450027,100.3,172.1479046,173.8398438,poca,2048,20480,0.0003,0.005,0.2,0.95,3,constant,3.188768864,0.01892771572,4.77E-06
1880000,0,0,,3717.306,1353.002984,1631.304688,0.07696659483,100.3,172.1484533,173.8398438,poca,2048,20480,0.0003,0.005,0.2,0.95,3,constant,3.175868034,,
1890000,0,0,,3746.969,1353.227349,1631.304688,0.0763495457,100.3,172.1500816,173.8398438,poca,2048,20480,0.0003,0.005,0.2,0.95,3,constant,3.181073904,0.02001216821,4.00E-05
1900000,0,-0.167,,3759.648,1353.264907,1631.304688,0.07610548748,100.3,172.1507257,173.8398438,poca,2048,20480,0.0003,0.005,0.2,0.95,3,constant,3.187849522,,
1910000,0,0,,3788.426,1353.356932,1631.304688,0.07552207243,100.3,172.1522653,173.8398438,poca,2048,20480,0.0003,0.005,0.2,0.95,3,constant,3.18518877,0.01722117513,0.0007549433503
1920000,0,0,,3800.802,1353.268444,1631.304688,0.07528326746,100.3,172.1528955,173.8398438,poca,2048,20480,0.0003,0.005,0.2,0.95,3,constant,3.190308571,,
1930000,0,0.12,,3825.165,1353.368322,1631.304688,0.07481015973,100.3,172.154144,173.8398438,poca,2048,20480,0.0003,0.005,0.2,0.95,3,constant,3.194516659,0.01405568793,0.0003630393476
1940000,0,0,,3838.295,1353.197105,1631.304688,0.07455636743,100.3,172.1548137,173.8398438,poca,2048,20480,0.0003,0.005,0.2,0.95,3,constant,3.210678816,,
1950000,0,0,,3850.097,1353.037618,1631.304688,0.07432362123,100.3,172.1554279,173.8398438,poca,2048,20480,0.0003,0.005,0.2,0.95,3,constant,3.208762169,,
1960000,0,-0.182,,3877.012,1352.945408,1631.304688,0.07380521829,100.3,172.1567959,173.8398438,poca,2048,20480,0.0003,0.005,0.2,0.95,3,constant,3.203832865,0.01512008347,1.53E-06
1970000,0,0.083,,3889.949,1352.774097,1631.304688,0.07355818744,100.3,172.1574478,173.8398438,poca,2048,20480,0.0003,0.005,0.2,0.95,3,constant,3.200402737,,
1980000,0,0.291,,3917.463,1352.875794,1631.304688,0.07305037075,100.3,172.1587879,173.8398438,poca,2048,20480,0.0003,0.005,0.2,0.95,3,constant,3.195396662,0.01664606296,0.0009311240865
1990000,0,-0.2,,3931.55,1352.862213,1631.304688,0.07278980892,100.3,172.1594755,173.8398438,poca,2048,20480,0.0003,0.005,0.2,0.95,3,constant,3.19275856,,
2000000,0,0,,3960.673,1352.929387,1631.304688,0.07225594335,100.3,172.1608843,173.8398438,poca,2048,20480,0.0003,0.005,0.2,0.95,3,constant,3.185295105,0.01448412798,0.002085373038
2010000,0,0.077,,3977.949,1352.867158,1631.304688,0.07194661294,100.3,172.1617007,173.8398438,poca,2048,20480,0.0003,0.005,0.2,0.95,3,constant,3.185705662,,
2020000,0,-0.364,,4002.65,1352.978966,1631.304688,0.07151439299,100.3,172.1628412,173.8398438,poca,2048,20480,0.0003,0.005,0.2,0.95,3,constant,3.187990904,0.0163054876,0.001927070669
2030000,0,0.178,,4018.991,1352.982713,1631.304688,0.0712113659,100.3,172.1636409,173.8398438,poca,2048,20480,0.0003,0.005,0.2,0.95,3,constant,3.171295404,,
2040000,0,0.228,,4047.438,1352.981267,1631.304688,0.07071782178,100.3,172.1649433,173.8398438,poca,2048,20480,0.0003,0.005,0.2,0.95,3,constant,3.177934647,0.01510846149,0.0008115833043
2050000,0,0,,4056.133,1352.882823,1631.304688,0.07057806324,100.3,172.1653122,173.8398438,poca,2048,20480,0.0003,0.005,0.2,0.95,3,constant,3.166015625,,
2060000,0,0.132,,4088.963,1352.958855,1631.304688,0.07000735114,100.3,172.1668182,173.8398438,poca,2048,20480,0.0003,0.005,0.2,0.95,3,constant,3.163932562,0.02144596912,0.0009737100918
2070000,0,0,,4098.044,1352.995389,1631.304688,0.06985330073,100.3,172.1672247,173.8398438,poca,2048,20480,0.0003,0.005,0.2,0.95,3,constant,3.168743134,,
2080000,0,0.108,,4125.246,1353.25256,1631.304688,0.06939519067,100.3,172.1684337,173.8398438,poca,2048,20480,0.0003,0.005,0.2,0.95,3,constant,3.168896914,0.01871372759,0.0002943417639
2090000,0,0,,4139.941,1353.180795,1631.304688,0.06914327202,100.3,172.1690985,173.8398438,poca,2048,20480,0.0003,0.005,0.2,0.95,3,constant,3.168133974,,
2100000,0,0,,4144.226,1353.186596,1631.304688,0.06907640232,100.3,172.1692749,173.8398438,poca,2048,20480,0.0003,0.005,0.2,0.95,3,constant,3.172757864,,
2110000,0,0,,4176.797,1353.172148,1631.304688,0.06854606526,100.3,172.1706744,173.8398438,poca,2048,20480,0.0003,0.005,0.2,0.95,3,constant,3.172873735,0.01588449441,1.73E-06
2120000,0,-0.364,,4192.297,1352.985413,1631.304688,0.06828393881,100.3,172.1713662,173.8398438,poca,2048,20480,0.0003,0.005,0.2,0.95,3,constant,3.174175024,,
2130000,0,0,,4213.533,1353.266634,1631.304688,0.06794292509,100.3,172.1722661,173.8398438,poca,2048,20480,0.0003,0.005,0.2,0.95,3,constant,3.179457426,0.01669836976,0.001592380111
2140000,0,-0.315,,4228.343,1353.379702,1631.304688,0.06771746859,100.3,172.1728611,173.8398438,poca,2048,20480,0.0003,0.005,0.2,0.95,3,constant,3.198288679,,
2150000,0,0,,4257.714,1353.540672,1631.304688,0.06723935044,100.3,172.1741228,173.8398438,poca,2048,20480,0.0003,0.005,0.2,0.95,3,constant,3.19297576,0.0165110305,0.001283931197
2160000,0,-0.286,,4266.569,1353.536904,1631.304688,0.06711299037,100.3,172.1744562,173.8398438,poca,2048,20480,0.0003,0.005,0.2,0.95,3,constant,3.194576979,,
2170000,0,-0.244,,4296.414,1353.596464,1631.304688,0.06664334033,100.3,172.1756956,173.8398438,poca,2048,20480,0.0003,0.005,0.2,0.95,3,constant,3.187473059,0.01478554122,0.001263946528
2180000,0,0.177,,4305.087,1353.494071,1631.304688,0.06650372439,100.3,172.176064,173.8398438,poca,2048,20480,0.0003,0.005,0.2,0.95,3,constant,3.185288429,,
2190000,0,0.216,,4336.751,1353.550445,1631.304688,0.06602727063,100.3,172.1773214,173.8398438,poca,2048,20480,0.0003,0.005,0.2,0.95,3,constant,3.184427738,0.01573840901,0.003522976767
2200000,0,0,,4348.43,1353.544839,1631.304688,0.06584466467,100.3,172.1778032,173.8398438,poca,2048,20480,0.0003,0.005,0.2,0.95,3,constant,3.171438217,,
2210000,0,0.089,,4376.459,1353.723369,1631.304688,0.06543747137,100.3,172.1788778,173.8398438,poca,2048,20480,0.0003,0.005,0.2,0.95,3,constant,3.16720891,0.01144129876,0.0007605050341
2220000,0,-0.009,,4389.737,1353.621422,1631.304688,0.0652283105,100.3,172.1794298,173.8398438,poca,2048,20480,0.0003,0.005,0.2,0.95,3,constant,3.164932489,,
2230000,0,0,,4403.137,1353.677071,1631.304688,0.06503528341,100.3,172.1799391,173.8398438,poca,2048,20480,0.0003,0.005,0.2,0.95,3,constant,3.16351366,,
2240000,0,-0.333,,4433.467,1353.675854,1631.304688,0.06459416686,100.3,172.1811032,173.8398438,poca,2048,20480,0.0003,0.005,0.2,0.95,3,constant,3.163815737,0.01329310331,0.0008984397282
2250000,0,0,,4442.062,1353.644894,1631.304688,0.06446299639,100.3,172.1814494,173.8398438,poca,2048,20480,0.0003,0.005,0.2,0.95,3,constant,3.176796675,,
2260000,0,0.12,,4474.158,1353.674684,1631.304688,0.06401523639,100.3,172.182631,173.8398438,poca,2048,20480,0.0003,0.005,0.2,0.95,3,constant,3.182592392,0.01396598574,0.001535016112
2270000,0,0,,4483.919,1353.617524,1631.304688,0.06387212162,100.3,172.1830086,173.8398438,poca,2048,20480,0.0003,0.005,0.2,0.95,3,constant,3.176819324,,
2280000,0,0.306,,4512.153,1353.622936,1631.304688,0.06347478338,100.3,172.1840572,173.8398438,poca,2048,20480,0.0003,0.005,0.2,0.95,3,constant,3.187956095,0.0170657672,0.001530833426
2290000,0,0,,4523.406,1353.581712,1631.304688,0.06332003546,100.3,172.1844656,173.8398438,poca,2048,20480,0.0003,0.005,0.2,0.95,3,constant,3.177451134,,
2300000,0,-0.159,,4553.291,1353.601526,1631.304688,0.06290180537,100.3,172.1855692,173.8398438,poca,2048,20480,0.0003,0.005,0.2,0.95,3,constant,3.163028955,0.01440377906,7.86E-06
2310000,0,-0.161,,4558.768,1353.519908,1631.304688,0.0628326369,100.3,172.1857518,173.8398438,poca,2048,20480,0.0003,0.005,0.2,0.95,3,constant,3.150648832,,
2320000,0,-0.167,,4593.564,1353.392281,1631.304688,0.06235268442,100.3,172.1870183,173.8398438,poca,2048,20480,0.0003,0.005,0.2,0.95,3,constant,3.152844906,0.01400693599,0.002381244674
2330000,0,0,,4607.313,1353.32821,1631.304688,0.06216275022,100.3,172.1875195,173.8398438,poca,2048,20480,0.0003,0.005,0.2,0.95,3,constant,3.171765327,,
2340000,0,0.054,,4611.705,1353.316315,1631.304688,0.06210869565,100.3,172.1876622,173.8398438,poca,2048,20480,0.0003,0.005,0.2,0.95,3,constant,3.193152428,,
2350000,0,0.121,,4640.159,1353.341735,1631.304688,0.06173292999,100.3,172.1886538,173.8398438,poca,2048,20480,0.0003,0.005,0.2,0.95,3,constant,3.16315341,0.02321234532,6.77E-05
2360000,0,0.039,,4646.16,1353.315271,1631.304688,0.06165299957,100.3,172.1888647,173.8398438,poca,2048,20480,0.0003,0.005,0.2,0.95,3,constant,3.163386106,,
2370000,0,-0.182,,4672.086,1353.194968,1631.304688,0.06130901288,100.3,172.1897725,173.8398438,poca,2048,20480,0.0003,0.005,0.2,0.95,3,constant,3.158586502,0.01596864127,0.002032566583
2380000,0,0,,4683.686,1353.053938,1631.304688,0.06116463284,100.3,172.1901535,173.8398438,poca,2048,20480,0.0003,0.005,0.2,0.95,3,constant,3.145088673,,
2390000,0,0,,4705.615,1353.027236,1631.304688,0.06087790326,100.3,172.1909102,173.8398438,poca,2048,20480,0.0003,0.005,0.2,0.95,3,constant,3.152989864,0.01774817891,0.0008292835555
2400000,0,-0.008,,4715.362,1352.880122,1631.304688,0.06074845843,100.3,172.1912518,173.8398438,poca,2048,20480,0.0003,0.005,0.2,0.95,3,constant,3.158848047,,
2410000,0,0.098,,4740.339,1352.914124,1631.304688,0.06042724196,100.3,172.1920994,173.8398438,poca,2048,20480,0.0003,0.005,0.2,0.95,3,constant,3.160906792,0.0186305102,0.001601887867
2420000,0,-0.1,,4755.088,1352.865066,1631.304688,0.06024884015,100.3,172.1925702,173.8398438,poca,2048,20480,0.0003,0.005,0.2,0.95,3,constant,3.176599026,,
2430000,0,-0.069,,4778.267,1352.976312,1631.304688,0.05995802728,100.3,172.1933377,173.8398438,poca,2048,20480,0.0003,0.005,0.2,0.95,3,constant,3.160971403,0.01348806452,0.001237709308
2440000,0,-0.182,,4789.085,1352.964932,1631.304688,0.059819933,100.3,172.1937021,173.8398438,poca,2048,20480,0.0003,0.005,0.2,0.95,3,constant,3.163545847,,
2450000,0,-0.1,,4810.897,1352.993155,1631.304688,0.05954564402,100.3,172.1944259,173.8398438,poca,2048,20480,0.0003,0.005,0.2,0.95,3,constant,3.164026499,0.0138732288,0.001594232395
2460000,0,-0.1,,4822.398,1352.770826,1631.304688,0.05940944063,100.3,172.1947853,173.8398438,poca,2048,20480,0.0003,0.005,0.2,0.95,3,constant,3.15724802,,
2470000,0,-0.182,,4848.185,1352.653111,1631.304688,0.05908996898,100.3,172.1956284,173.8398438,poca,2048,20480,0.0003,0.005,0.2,0.95,3,constant,3.162449598,0.0158397723,0.001622700831
2480000,0,0,,4854.99,1352.580026,1631.304688,0.05901673208,100.3,172.1958217,173.8398438,poca,2048,20480,0.0003,0.005,0.2,0.95,3,constant,3.159311771,,
2490000,0,0,,4881.728,1352.534194,1631.304688,0.05868940016,100.3,172.1966855,173.8398438,poca,2048,20480,0.0003,0.005,0.2,0.95,3,constant,3.157562971,0.0130927721,1.31E-05
2500000,0,0,,4891.717,1352.527732,1631.304688,0.05856908569,100.3,172.197003,173.8398438,poca,2048,20480,0.0003,0.005,0.2,0.95,3,constant,3.154898405,,
2510000,0,0,,4899.073,1352.513922,1631.304688,0.05848515865,100.3,172.1972244,173.8398438,poca,2048,20480,0.0003,0.005,0.2,0.95,3,constant,3.157972813,,
2520000,0,0,,4925.046,1352.538339,1631.304688,0.05817552433,100.3,172.1980415,173.8398438,poca,2048,20480,0.0003,0.005,0.2,0.95,3,constant,3.152350187,0.01302642282,1.42E-06
2530000,0,-0.182,,4930.066,1352.488195,1631.304688,0.05811635476,100.3,172.1981977,173.8398438,poca,2048,20480,0.0003,0.005,0.2,0.95,3,constant,3.140225172,,
2540000,0,0.182,,4956.238,1352.463343,1631.304688,0.05781060299,100.3,172.1990045,173.8398438,poca,2048,20480,0.0003,0.005,0.2,0.95,3,constant,3.148199797,0.0171843525,0.001485241111
2550000,0,0.127,,4968.165,1352.513048,1631.304688,0.05767056924,100.3,172.1993741,173.8398438,poca,2048,20480,0.0003,0.005,0.2,0.95,3,constant,3.135857105,,
2560000,0,0.053,,4989.485,1352.623281,1631.304688,0.05742713568,100.3,172.2000165,173.8398438,poca,2048,20480,0.0003,0.005,0.2,0.95,3,constant,3.155198097,0.02041867934,0.0003901060554
2570000,0,0.149,,5000.816,1352.547477,1631.304688,0.05730044124,100.3,172.2003508,173.8398438,poca,2048,20480,0.0003,0.005,0.2,0.95,3,constant,3.168479919,,
2580000,0,0.095,,5026.233,1352.495285,1631.304688,0.05701456795,100.3,172.2011052,173.8398438,poca,2048,20480,0.0003,0.005,0.2,0.95,3,constant,3.167164326,0.01823868603,0.0004782863834
2590000,0,0,,5033.001,1352.41597,1631.304688,0.05693503388,100.3,172.2013151,173.8398438,poca,2048,20480,0.0003,0.005,0.2,0.95,3,constant,3.178316116,,
2600000,0,-0.023,,5059.836,1352.347613,1631.304688,0.05663032706,100.3,172.2021192,173.8398438,poca,2048,20480,0.0003,0.005,0.2,0.95,3,constant,3.164556742,0.01659596339,0.001636388246
2610000,0,0,,5065.122,1352.316287,1631.304688,0.05657425743,100.3,172.2022672,173.8398438,poca,2048,20480,0.0003,0.005,0.2,0.95,3,constant,3.142043114,,
2620000,0,0.048,,5084.598,1352.134806,1631.304688,0.05636220162,100.3,172.2028268,173.8398438,poca,2048,20480,0.0003,0.005,0.2,0.95,3,constant,3.155264378,,
2630000,0,0,,5107.347,1352.175894,1631.304688,0.0561076198,100.3,172.2034986,173.8398438,poca,2048,20480,0.0003,0.005,0.2,0.95,3,constant,3.159714937,0.01624627784,0.000107961816
2640000,0,0.048,,5117.16,1352.122987,1631.304688,0.05599764798,100.3,172.2037888,173.8398438,poca,2048,20480,0.0003,0.005,0.2,0.95,3,constant,3.161916971,,
2650000,0,0,,5138.898,1352.252151,1631.304688,0.05576810463,100.3,172.2043946,173.8398438,poca,2048,20480,0.0003,0.005,0.2,0.95,3,constant,3.128947496,0.01644330099,5.01E-05
2660000,0,-0.182,,5149.475,1352.262794,1631.304688,0.05564861706,100.3,172.2047099,173.8398438,poca,2048,20480,0.0003,0.005,0.2,0.95,3,constant,3.100167751,,
2670000,0,0.083,,5175.192,1352.361216,1631.304688,0.05537894941,100.3,172.2054215,173.8398438,poca,2048,20480,0.0003,0.005,0.2,0.95,3,constant,3.127764702,0.01871871389,0.0009091482498
2680000,0,-0.308,,5182.919,1352.316787,1631.304688,0.05529320689,100.3,172.2056478,173.8398438,poca,2048,20480,0.0003,0.005,0.2,0.95,3,constant,3.131586075,,
2690000,0,0,,5208.482,1352.383853,1631.304688,0.05502696456,100.3,172.2063504,173.8398438,poca,2048,20480,0.0003,0.005,0.2,0.95,3,constant,3.140022993,0.01526486687,0.001625493518
2700000,0,-0.167,,5219.87,1352.3465,1631.304688,0.05490007686,100.3,172.2066852,173.8398438,poca,2048,20480,0.0003,0.005,0.2,0.95,3,constant,3.143967867,,
2710000,0,0,,5241.768,1352.347054,1631.304688,0.05467942584,100.3,172.2072675,173.8398438,poca,2048,20480,0.0003,0.005,0.2,0.95,3,constant,3.154906511,0.01947388425,0.0006024140166
2720000,0,-0.122,,5253.374,1352.114801,1631.304688,0.05455413405,100.3,172.2075981,173.8398438,poca,2048,20480,0.0003,0.005,0.2,0.95,3,constant,3.159193277,,
2730000,0,0.068,,5273.791,1352.122768,1631.304688,0.05434658551,100.3,172.2081458,173.8398438,poca,2048,20480,0.0003,0.005,0.2,0.95,3,constant,3.155789375,0.01500718016,0.0009843549924
2740000,0,-0.167,,5286.341,1352.125011,1631.304688,0.05421252372,100.3,172.2084996,173.8398438,poca,2048,20480,0.0003,0.005,0.2,0.95,3,constant,3.170569897,,
2750000,0,0,,5309.725,1352.24128,1631.304688,0.05397695069,100.3,172.2091213,173.8398438,poca,2048,20480,0.0003,0.005,0.2,0.95,3,constant,3.165032148,0.01427438576,0.0008301571361
2760000,0,-0.006,,5316.967,1352.232148,1631.304688,0.05390566038,100.3,172.2093094,173.8398438,poca,2048,20480,0.0003,0.005,0.2,0.95,3,constant,3.178428411,,
2770000,0,-0.071,,5328.821,1352.202733,1631.304688,0.05378388554,100.3,172.2096308,173.8398438,poca,2048,20480,0.0003,0.005,0.2,0.95,3,constant,3.170696974,,
2780000,0,0.139,,5353.601,1352.182243,1631.304688,0.05354197901,100.3,172.2102691,173.8398438,poca,2048,20480,0.0003,0.005,0.2,0.95,3,constant,3.178195953,0.01411672775,0.002475938527
2790000,0,-0.112,,5362.446,1352.059957,1631.304688,0.05345182413,100.3,172.210507,173.8398438,poca,2048,20480,0.0003,0.005,0.2,0.95,3,constant,3.169687748,,
2800000,0,0.19,,5383.671,1352.177892,1631.304688,0.05324263884,100.3,172.2110591,173.8398438,poca,2048,20480,0.0003,0.005,0.2,0.95,3,constant,3.179706097,0.01872964762,0.003135565668
2810000,0,-0.2,,5395.763,1352.182766,1631.304688,0.05312383786,100.3,172.2113726,173.8398438,poca,2048,20480,0.0003,0.005,0.2,0.95,3,constant,3.180369139,,
2820000,0,0.217,,5424.512,1352.130867,1631.304688,0.05283891252,100.3,172.2121245,173.8398438,poca,2048,20480,0.0003,0.005,0.2,0.95,3,constant,3.177951574,0.02022976801,0.00131871365
2830000,0,-0.242,,5435.761,1352.009486,1631.304688,0.05273163529,100.3,172.2124076,173.8398438,poca,2048,20480,0.0003,0.005,0.2,0.95,3,constant,3.167732716,,
2840000,0,-0.333,,5457.401,1352.055562,1631.304688,0.05252803824,100.3,172.2129448,173.8398438,poca,2048,20480,0.0003,0.005,0.2,0.95,3,constant,3.155784369,0.01425462402,0.005688236561
2850000,0,-0.182,,5466.071,1352.070414,1631.304688,0.05244126285,100.3,172.2131738,173.8398438,poca,2048,20480,0.0003,0.005,0.2,0.95,3,constant,3.161679029,,
2860000,0,0.006,,5487.218,1352.184062,1631.304688,0.0522398976,100.3,172.2137052,173.8398438,poca,2048,20480,0.0003,0.005,0.2,0.95,3,constant,3.147086143,0.01656879112,0.004273567814
2870000,0,-0.444,,5501.303,1352.232418,1631.304688,0.05210651103,100.3,172.2140572,173.8398438,poca,2048,20480,0.0003,0.005,0.2,0.95,3,constant,3.162149906,,
2880000,0,0.191,,5508.888,1352.256735,1631.304688,0.05204007286,100.3,172.2142326,173.8398438,poca,2048,20480,0.0003,0.005,0.2,0.95,3,constant,3.152914286,,
2890000,0,0.055,,5532.007,1352.28113,1631.304688,0.0518229639,100.3,172.2148055,173.8398438,poca,2048,20480,0.0003,0.005,0.2,0.95,3,constant,3.148944378,0.01505207457,0.003916415852
2900000,0,0.134,,5546.381,1352.174605,1631.304688,0.05168234443,100.3,172.2151766,173.8398438,poca,2048,20480,0.0003,0.005,0.2,0.95,3,constant,3.141795397,,
2910000,0,-0.167,,5567.061,1352.217686,1631.304688,0.05149603461,100.3,172.2156682,173.8398438,poca,2048,20480,0.0003,0.005,0.2,0.95,3,constant,3.132313013,0.01448246278,0.005193320569
2920000,0,0,,5577.721,1352.162871,1631.304688,0.05139413564,100.3,172.2159371,173.8398438,poca,2048,20480,0.0003,0.005,0.2,0.95,3,constant,3.142749786,,
2930000,0,0.28,,5605.342,1352.261885,1631.304688,0.05114572145,100.3,172.2165927,173.8398438,poca,2048,20480,0.0003,0.005,0.2,0.95,3,constant,3.140468836,0.01912914217,0.001502365689
2940000,0,0.078,,5610.364,1352.253931,1631.304688,0.05109998211,100.3,172.2167134,173.8398438,poca,2048,20480,0.0003,0.005,0.2,0.95,3,constant,3.127064943,,
2950000,0,-0.047,,5635.685,1352.412966,1631.304688,0.05087250712,100.3,172.2173137,173.8398438,poca,2048,20480,0.0003,0.005,0.2,0.95,3,constant,3.124857187,0.0171577204,0.003420106135
2960000,0,-0.031,,5643.6,1352.427955,1631.304688,0.05080014225,100.3,172.2175046,173.8398438,poca,2048,20480,0.0003,0.005,0.2,0.95,3,constant,3.12390852,,
2970000,0,0.147,,5666.525,1352.604638,1631.304688,0.05059323535,100.3,172.2180507,173.8398438,poca,2048,20480,0.0003,0.005,0.2,0.95,3,constant,3.124593258,0.01279707998,0.007866285741
2980000,0,0.193,,5678.962,1352.490308,1631.304688,0.05048595158,100.3,172.2183338,173.8398438,poca,2048,20480,0.0003,0.005,0.2,0.95,3,constant,3.097524405,,
2990000,0,-0.037,,5700.577,1352.591777,1631.304688,0.05029044182,100.3,172.2188497,173.8398438,poca,2048,20480,0.0003,0.005,0.2,0.95,3,constant,3.117615223,0.01564691588,0.007034103386
3000000,0,0.088,,5711.758,1352.602851,1631.304688,0.05019325369,100.3,172.2191062,173.8398438,poca,2048,20480,0.0003,0.005,0.2,0.95,3,constant,3.089608669,,
3010000,0,0.125,,5737.312,1352.712143,1631.304688,0.04997376246,100.3,172.2196854,173.8398438,poca,2048,20480,0.0003,0.005,0.2,0.95,3,constant,3.094682217,0.01542354468,0.006915080361
3020000,0,-0.086,,5749.232,1352.671387,1631.304688,0.0498690871,100.3,172.2199616,173.8398438,poca,2048,20480,0.0003,0.005,0.2,0.95,3,constant,3.098415613,,
3030000,0,-0.019,,5757.596,1352.654861,1631.304688,0.0497995468,100.3,172.2201451,173.8398438,poca,2048,20480,0.0003,0.005,0.2,0.95,3,constant,3.097194195,,
3040000,0,-0.318,,5783.003,1352.791394,1631.304688,0.0495748742,100.3,172.220738,173.8398438,poca,2048,20480,0.0003,0.005,0.2,0.95,3,constant,3.087265491,0.01509482227,0.006800987292
3050000,0,-0.389,,5794.191,1352.803785,1631.304688,0.04948042951,100.3,172.2209873,173.8398438,poca,2048,20480,0.0003,0.005,0.2,0.95,3,constant,3.077482462,,
3060000,0,-0.085,,5815.351,1352.882973,1631.304688,0.04930112166,100.3,172.2214604,173.8398438,poca,2048,20480,0.0003,0.005,0.2,0.95,3,constant,3.088636637,0.01504464727,0.006117763463
3070000,0,-0.074,,5828.102,1352.885431,1631.304688,0.04919924229,100.3,172.2217293,173.8398438,poca,2048,20480,0.0003,0.005,0.2,0.95,3,constant,3.093664885,,
3080000,0,0.292,,5848.394,1353.019305,1631.304688,0.04903037584,100.3,172.2221749,173.8398438,poca,2048,20480,0.0003,0.005,0.2,0.95,3,constant,3.08175683,0.01351237204,0.009762909263
3090000,0,0.292,,5861.401,1353.088627,1631.304688,0.04892123288,100.3,172.2224629,173.8398438,poca,2048,20480,0.0003,0.005,0.2,0.95,3,constant,3.103724957,,
3100000,0,-0.366,,5884.242,1353.110735,1631.304688,0.04872931946,100.3,172.2229694,173.8398438,poca,2048,20480,0.0003,0.005,0.2,0.95,3,constant,3.105558395,0.01294630207,0.00639617769
3110000,0,-0.393,,5893.411,1352.982653,1631.304688,0.04865463215,100.3,172.2231665,173.8398438,poca,2048,20480,0.0003,0.005,0.2,0.95,3,constant,3.119329691,,
3120000,0,0.149,,5921.406,1352.952016,1631.304688,0.04842372881,100.3,172.2237758,173.8398438,poca,2048,20480,0.0003,0.005,0.2,0.95,3,constant,3.083880663,0.0192420315,0.008411849849
3130000,0,0.088,,5929.696,1352.893033,1631.304688,0.04835815843,100.3,172.2239489,173.8398438,poca,2048,20480,0.0003,0.005,0.2,0.95,3,constant,3.078099012,,
3140000,0,-0.212,,5953.924,1352.922731,1631.304688,0.04816250843,100.3,172.224697,173.8398438,poca,2048,20480,0.0003,0.005,0.2,0.95,3,constant,3.100691557,0.01572688669,0.004093166441
3150000,0,0.064,,5962.381,1352.891133,1631.304688,0.04808954721,100.3,172.2249838,173.8398438,poca,2048,20480,0.0003,0.005,0.2,0.95,3,constant,3.11339736,,
3160000,0,-0.078,,5991.381,1352.966105,1631.304688,0.04786396381,100.3,172.2258708,173.8398438,poca,2048,20480,0.0003,0.005,0.2,0.95,3,constant,3.127010345,0.01724581234,0.007959836163
3170000,0,0.186,,5995.305,1352.951104,1631.304688,0.04783191026,100.3,172.2259968,173.8398438,poca,2048,20480,0.0003,0.005,0.2,0.95,3,constant,3.136556387,,
3180000,0,-0.392,,6026.007,1353.031827,1631.304688,0.04758494337,100.3,172.2269678,173.8398438,poca,2048,20480,0.0003,0.005,0.2,0.95,3,constant,3.122673273,0.01178095676,0.01289882511
3190000,0,-0.393,,6034.573,1352.998103,1631.304688,0.04752162342,100.3,172.2272168,173.8398438,poca,2048,20480,0.0003,0.005,0.2,0.95,3,constant,3.126533985,,
3200000,0,-0.413,,6042.878,1352.962413,1631.304688,0.04745847176,100.3,172.2274651,173.8398438,poca,2048,20480,0.0003,0.005,0.2,0.95,3,constant,3.126645088,,
3210000,0,-0.104,,6072.842,1352.836429,1631.304688,0.0472231405,100.3,172.2283904,173.8398438,poca,2048,20480,0.0003,0.005,0.2,0.95,3,constant,3.120429277,0.01364025101,0.007600066252
3220000,0,-0.511,,6084.103,1352.712473,1631.304688,0.04713743607,100.3,172.2287273,173.8398438,poca,2048,20480,0.0003,0.005,0.2,0.95,3,constant,3.112290382,,
3230000,0,-0.444,,6115.521,1352.598099,1631.304688,0.04689757058,100.3,172.2296704,173.8398438,poca,2048,20480,0.0003,0.005,0.2,0.95,3,constant,3.09976387,0.01532208826,0.01787904836
3240000,0,0.273,,6121.965,1352.515925,1631.304688,0.04684374488,100.3,172.2298821,173.8398438,poca,2048,20480,0.0003,0.005,0.2,0.95,3,constant,3.112251759,,
3250000,0,-0.332,,6150.007,1352.346702,1631.304688,0.04662967194,100.3,172.2307544,173.8398438,poca,2048,20480,0.0003,0.005,0.2,0.95,3,constant,3.092361689,0.01410060935,0.009132575244
3260000,0,-0.208,,6158.178,1352.22474,1631.304688,0.04656886716,100.3,172.2310749,173.8398438,poca,2048,20480,0.0003,0.005,0.2,0.95,3,constant,3.084556818,,
3270000,0,-0.034,,6184.073,1352.206861,1631.304688,0.04637987013,100.3,172.2320712,173.8398438,poca,2048,20480,0.0003,0.005,0.2,0.95,3,constant,3.09952426,0.0151934633,0.01571254246
3280000,0,-0.195,,6194.588,1352.077821,1631.304688,0.04629719656,100.3,172.232507,173.8398438,poca,2048,20480,0.0003,0.005,0.2,0.95,3,constant,3.107148886,,
3290000,0,-0.067,,6222.669,1352.059165,1631.304688,0.04608807872,100.3,172.2336094,173.8398438,poca,2048,20480,0.0003,0.005,0.2,0.95,3,constant,3.099750996,0.01929422095,0.0118845338
3300000,0,-0.121,,6230.645,1351.985907,1631.304688,0.0460286773,100.3,172.2339225,173.8398438,poca,2048,20480,0.0003,0.005,0.2,0.95,3,constant,3.095674276,,
3310000,0,0.258,,6257.566,1351.933454,1631.304688,0.04583667576,100.3,172.2349346,173.8398438,poca,2048,20480,0.0003,0.005,0.2,0.95,3,constant,3.107027054,0.01851921529,0.008321789093
3320000,0,0.095,,6266.203,1351.811559,1631.304688,0.04577058635,100.3,172.235283,173.8398438,poca,2048,20480,0.0003,0.005,0.2,0.95,3,constant,3.076039076,,
3330000,0,-0.045,,6290.3,1351.814995,1631.304688,0.04559527609,100.3,172.2362072,173.8398438,poca,2048,20480,0.0003,0.005,0.2,0.95,3,constant,3.084222555,0.01425157581,0.01113350969
3340000,0,-0.363,,6303.18,1351.654958,1631.304688,0.04550087594,100.3,172.2367048,173.8398438,poca,2048,20480,0.0003,0.005,0.2,0.95,3,constant,3.084507942,,
3350000,0,0.223,,6326.82,1351.731319,1631.304688,0.04533481434,100.3,172.2375802,173.8398438,poca,2048,20480,0.0003,0.005,0.2,0.95,3,constant,3.073252916,0.01780569367,0.01198373269
3360000,0,-0.101,,6337.816,1351.648524,1631.304688,0.04525582132,100.3,172.2379966,173.8398438,poca,2048,20480,0.0003,0.005,0.2,0.95,3,constant,3.098841667,,
3370000,0,-0.492,,6345.713,1351.604808,1631.304688,0.04519854453,100.3,172.2382986,173.8398438,poca,2048,20480,0.0003,0.005,0.2,0.95,3,constant,3.066501617,,
3380000,0,0.015,,6371.156,1351.603307,1631.304688,0.04502048535,100.3,172.2392372,173.8398438,poca,2048,20480,0.0003,0.005,0.2,0.95,3,constant,3.063916683,0.01332640462,0.01528987754
3390000,0,-0.181,,6383.828,1351.523342,1631.304688,0.04492844787,100.3,172.2397224,173.8398438,poca,2048,20480,0.0003,0.005,0.2,0.95,3,constant,3.082417727,,
3400000,0,0.096,,6407.36,1351.630097,1631.304688,0.04476653087,100.3,172.2405759,173.8398438,poca,2048,20480,0.0003,0.005,0.2,0.95,3,constant,3.076904297,0.01631823368,0.01969164424
3410000,0,0.011,,6417.098,1351.612719,1631.304688,0.04469649562,100.3,172.2409451,173.8398438,poca,2048,20480,0.0003,0.005,0.2,0.95,3,constant,3.051246166,,
3420000,0,-0.364,,6448.684,1351.602307,1631.304688,0.04448077222,100.3,172.2420823,173.8398438,poca,2048,20480,0.0003,0.005,0.2,0.95,3,constant,3.051671982,0.01825557277,0.01554728299
3430000,0,-0.024,,6457.802,1351.493426,1631.304688,0.04441853234,100.3,172.2424104,173.8398438,poca,2048,20480,0.0003,0.005,0.2,0.95,3,constant,3.050854445,,
3440000,0,0.112,,6486.164,1351.34297,1631.304688,0.04422600619,100.3,172.2434253,173.8398438,poca,2048,20480,0.0003,0.005,0.2,0.95,3,constant,3.057553768,0.0177000612,0.02021762356
3450000,0,-0.033,,6495.176,1351.221542,1631.304688,0.04416447674,100.3,172.2437496,173.8398438,poca,2048,20480,0.0003,0.005,0.2,0.95,3,constant,3.026267767,,
3460000,0,-0.489,,6522.413,1351.101388,1631.304688,0.04398091133,100.3,172.2447173,173.8398438,poca,2048,20480,0.0003,0.005,0.2,0.95,3,constant,3.029711723,0.01459763944,0.01354809385
3470000,0,-0.07,,6529.09,1351.043284,1631.304688,0.04393356912,100.3,172.2449669,173.8398438,poca,2048,20480,0.0003,0.005,0.2,0.95,3,constant,3.026497364,,
3480000,0,-0.263,,6556.193,1351.02279,1631.304688,0.04375191424,100.3,172.2459245,173.8398438,poca,2048,20480,0.0003,0.005,0.2,0.95,3,constant,2.991283655,0.01539681386,0.01531897206
3490000,0,-0.283,,6565.814,1350.948233,1631.304688,0.04369169598,100.3,172.2462419,173.8398438,poca,2048,20480,0.0003,0.005,0.2,0.95,3,constant,3.024118662,,
3500000,0,0.356,,6592.341,1350.942555,1631.304688,0.04351203168,100.3,172.247189,173.8398438,poca,2048,20480,0.0003,0.005,0.2,0.95,3,constant,3.016308308,0.01817701012,0.02510739863
3510000,0,0.277,,6604.762,1350.868914,1631.304688,0.0434326543,100.3,172.2476074,173.8398438,poca,2048,20480,0.0003,0.005,0.2,0.95,3,constant,3.034998894,,
3520000,0,-0.347,,6627.654,1350.889428,1631.304688,0.04328132101,100.3,172.2484052,173.8398438,poca,2048,20480,0.0003,0.005,0.2,0.95,3,constant,3.020886898,0.01811222732,0.01867294684
3530000,0,0.056,,6636.203,1350.822626,1631.304688,0.04322893025,100.3,172.2486814,173.8398438,poca,2048,20480,0.0003,0.005,0.2,0.95,3,constant,3.013473511,,
3540000,0,0.16,,6663.374,1350.889962,1631.304688,0.043053044,100.3,172.2496086,173.8398438,poca,2048,20480,0.0003,0.005,0.2,0.95,3,constant,3.032461643,0.01876550727,0.01852194034
3550000,0,-0.093,,6671.539,1350.802554,1631.304688,0.04300120409,100.3,172.2498818,173.8398438,poca,2048,20480,0.0003,0.005,0.2,0.95,3,constant,2.960573673,,
3560000,0,0.242,,6698.495,1350.683108,1631.304688,0.04282716234,100.3,172.2507993,173.8398438,poca,2048,20480,0.0003,0.005,0.2,0.95,3,constant,2.986368179,0.01518848445,0.02584392764
3570000,0,-0.166,,6706.87,1350.618062,1631.304688,0.04277586465,100.3,172.2510697,173.8398438,poca,2048,20480,0.0003,0.005,0.2,0.95,3,constant,2.978283405,,
3580000,0,0.175,,6736.563,1350.605859,1631.304688,0.04258458787,100.3,172.252078,173.8398438,poca,2048,20480,0.0003,0.005,0.2,0.95,3,constant,3.007680416,0.01727019809,0.03297139704
3590000,0,0.305,,6746.717,1350.558675,1631.304688,0.04252120851,100.3,172.2524121,173.8398438,poca,2048,20480,0.0003,0.005,0.2,0.95,3,constant,3.027115345,,
3600000,0,-0.123,,6773.344,1350.61551,1631.304688,0.0423573017,100.3,172.2532762,173.8398438,poca,2048,20480,0.0003,0.005,0.2,0.95,3,constant,2.962062359,0.01740973815,0.0251832176
3610000,0,0.12,,6781.728,1350.562774,1631.304688,0.04230085875,100.3,172.2535737,173.8398438,poca,2048,20480,0.0003,0.005,0.2,0.95,3,constant,2.939381599,,
3620000,0,-0.079,,6793.27,1350.497875,1631.304688,0.04223207687,100.3,172.2539363,173.8398438,poca,2048,20480,0.0003,0.005,0.2,0.95,3,constant,2.90636301,,
3630000,0,0.042,,6822.339,1350.444524,1631.304688,0.04205181042,100.3,172.2548865,173.8398438,poca,2048,20480,0.0003,0.005,0.2,0.95,3,constant,2.969300747,0.01929961704,0.04031907022
3640000,0,-0.351,,6831.011,1350.379546,1631.304688,0.04199617816,100.3,172.2551798,173.8398438,poca,2048,20480,0.0003,0.005,0.2,0.95,3,constant,2.908010006,,
3650000,0,0.279,,6861.062,1350.563989,1631.304688,0.04181791569,100.3,172.2561195,173.8398438,poca,2048,20480,0.0003,0.005,0.2,0.95,3,constant,2.988007784,0.01449602749,0.0469128713
3660000,0,-0.087,,6868.542,1350.607142,1631.304688,0.04176900585,100.3,172.2563774,173.8398438,poca,2048,20480,0.0003,0.005,0.2,0.95,3,constant,2.945680618,,
3670000,0,-0.074,,6897.259,1350.562749,1631.304688,0.0415987187,100.3,172.257275,173.8398438,poca,2048,20480,0.0003,0.005,0.2,0.95,3,constant,2.95527029,0.0193009302,0.03456364945
3680000,0,0.247,,6907.969,1350.520242,1631.304688,0.04153219945,100.3,172.2576257,173.8398438,poca,2048,20480,0.0003,0.005,0.2,0.95,3,constant,2.999753475,,
3690000,0,-0.271,,6932.725,1350.613336,1631.304688,0.0413878024,100.3,172.2583869,173.8398438,poca,2048,20480,0.0003,0.005,0.2,0.95,3,constant,2.948520899,0.01705022529,0.03252298385
3700000,0,-0.189,,6941.289,1350.60596,1631.304688,0.04133391204,100.3,172.2586709,173.8398438,poca,2048,20480,0.0003,0.005,0.2,0.95,3,constant,2.939044714,,
3710000,0,0.159,,6967.751,1350.682567,1631.304688,0.04117901413,100.3,172.2594875,173.8398438,poca,2048,20480,0.0003,0.005,0.2,0.95,3,constant,2.919054031,0.01861508563,0.03342837095
3720000,0,0.203,,6979.076,1350.681754,1631.304688,0.04110791367,100.3,172.2598623,173.8398438,poca,2048,20480,0.0003,0.005,0.2,0.95,3,constant,2.933171988,,
3730000,0,0.435,,7009.72,1350.679453,1631.304688,0.04093123209,100.3,172.2607937,173.8398438,poca,2048,20480,0.0003,0.005,0.2,0.95,3,constant,2.948853731,0.01485879347,0.04104652628
3740000,0,-0.26,,7017.394,1350.647652,1631.304688,0.0408902247,100.3,172.2610098,173.8398438,poca,2048,20480,0.0003,0.005,0.2,0.95,3,constant,2.964429855,,
3750000,0,0.368,,7044.768,1350.545617,1631.304688,0.04072701354,100.3,172.2618702,173.8398438,poca,2048,20480,0.0003,0.005,0.2,0.95,3,constant,2.911868095,0.01665747911,0.03237070888
3760000,0,0.043,,7056.553,1350.367162,1631.304688,0.04066325078,100.3,172.2622063,173.8398438,poca,2048,20480,0.0003,0.005,0.2,0.95,3,constant,2.912140846,,
3770000,0,-0.1,,7082.553,1350.360358,1631.304688,0.04051332955,100.3,172.2629966,173.8398438,poca,2048,20480,0.0003,0.005,0.2,0.95,3,constant,2.954894304,0.01399341039,0.04107133299
3780000,0,0.291,,7091.605,1350.285327,1631.304688,0.04046169098,100.3,172.2632689,173.8398438,poca,2048,20480,0.0003,0.005,0.2,0.95,3,constant,2.91631937,,
3790000,0,0.163,,7120.093,1350.271842,1631.304688,0.04030187615,100.3,172.2641113,173.8398438,poca,2048,20480,0.0003,0.005,0.2,0.95,3,constant,2.856399298,0.01626237482,0.03684694692
3800000,0,-0.146,,7130.01,1350.162935,1631.304688,0.04024510494,100.3,172.2644106,173.8398438,poca,2048,20480,0.0003,0.005,0.2,0.95,3,constant,2.870810986,,
3810000,0,0.087,,7157.934,1350.250649,1631.304688,0.04008699312,100.3,172.2652441,173.8398438,poca,2048,20480,0.0003,0.005,0.2,0.95,3,constant,2.867528439,0.02004625462,0.05383671448
3820000,0,0.097,,7170.439,1350.291776,1631.304688,0.04001961059,100.3,172.2655993,173.8398438,poca,2048,20480,0.0003,0.005,0.2,0.95,3,constant,2.895729065,,
3830000,0,0.298,,7198.557,1350.291854,1631.304688,0.03986326217,100.3,172.2664235,173.8398438,poca,2048,20480,0.0003,0.005,0.2,0.95,3,constant,2.871649981,0.01819241233,0.05931799486
3840000,0,0.052,,7210.53,1350.152739,1631.304688,0.03979662906,100.3,172.2667747,173.8398438,poca,2048,20480,0.0003,0.005,0.2,0.95,3,constant,2.889801741,,
3850000,0,0.042,,7237.083,1350.099703,1631.304688,0.03964751596,100.3,172.2675608,173.8398438,poca,2048,20480,0.0003,0.005,0.2,0.95,3,constant,2.877784491,0.01890214533,0.05341664702
3860000,0,-0.077,,7246.945,1350.039869,1631.304688,0.0395980596,100.3,172.2678215,173.8398438,poca,2048,20480,0.0003,0.005,0.2,0.95,3,constant,2.874551058,,
3870000,0,0.245,,7278.385,1349.86551,1631.304688,0.03942865029,100.3,172.2687145,173.8398438,poca,2048,20480,0.0003,0.005,0.2,0.95,3,constant,2.887179375,0.01277533174,0.06309367716
3880000,0,-0.261,,7286.85,1349.778914,1631.304688,0.03937973811,100.3,172.2689724,173.8398438,poca,2048,20480,0.0003,0.005,0.2,0.95,3,constant,2.858636856,,
3890000,0,-0.131,,7315.014,1349.813676,1631.304688,0.03922833997,100.3,172.2697705,173.8398438,poca,2048,20480,0.0003,0.005,0.2,0.95,3,constant,2.846358061,0.01574626565,0.0513157472
3900000,0,-0.15,,7324.172,1349.76463,1631.304688,0.0391799232,100.3,172.2700257,173.8398438,poca,2048,20480,0.0003,0.005,0.2,0.95,3,constant,2.826247215,,
3910000,0,0.011,,7351.741,1349.799365,1631.304688,0.03903538735,100.3,172.2707876,173.8398438,poca,2048,20480,0.0003,0.005,0.2,0.95,3,constant,2.874262333,0.01753935032,0.05851401016
3920000,0,0.034,,7361.797,1349.677909,1631.304688,0.0389821258,100.3,172.2710684,173.8398438,poca,2048,20480,0.0003,0.005,0.2,0.95,3,constant,2.809270859,,
3930000,0,0.15,,7372.666,1349.581868,1631.304688,0.03892370572,100.3,172.2713763,173.8398438,poca,2048,20480,0.0003,0.005,0.2,0.95,3,constant,2.825160503,,
3940000,0,-0.231,,7400.903,1349.589324,1631.304688,0.03877578719,100.3,172.2721561,173.8398438,poca,2048,20480,0.0003,0.005,0.2,0.95,3,constant,2.828583241,0.01741531305,0.06079262123
3950000,0,0.011,,7411.016,1349.53502,1631.304688,0.03872323123,100.3,172.2724331,173.8398438,poca,2048,20480,0.0003,0.005,0.2,0.95,3,constant,2.821394444,,
3960000,0,0.023,,7438.511,1349.498141,1631.304688,0.03858203916,100.3,172.2731774,173.8398438,poca,2048,20480,0.0003,0.005,0.2,0.95,3,constant,2.837562561,0.01704431325,0.05856338888
3970000,0,-0.109,,7449.132,1349.4455,1631.304688,0.03852481122,100.3,172.2734791,173.8398438,poca,2048,20480,0.0003,0.005,0.2,0.95,3,constant,2.823113441,,
3980000,0,0.058,,7477.086,1349.36989,1631.304688,0.03837990328,100.3,172.274243,173.8398438,poca,2048,20480,0.0003,0.005,0.2,0.95,3,constant,2.794264555,0.01664888673,0.06195148081
3990000,0,0.2,,7486.404,1349.271845,1631.304688,0.03833355696,100.3,172.2744873,173.8398438,poca,2048,20480,0.0003,0.005,0.2,0.95,3,constant,2.798159838,,
4000000,0,0.129,,7515.033,1349.129873,1631.304688,0.03819008154,100.3,172.2752436,173.8398438,poca,2048,20480,0.0003,0.005,0.2,0.95,3,constant,2.797617435,0.01500141155,0.06716494262
4010000,0,0.11,,7524.949,1349.001097,1631.304688,0.03813910025,100.3,172.2755124,173.8398438,poca,2048,20480,0.0003,0.005,0.2,0.95,3,constant,2.802752733,,
4020000,0,0.204,,7553.292,1348.881492,1631.304688,0.03799707408,100.3,172.2762611,173.8398438,poca,2048,20480,0.0003,0.005,0.2,0.95,3,constant,2.764713764,0.01532285754,0.0612626113
4030000,0,0.356,,7563.955,1348.726482,1631.304688,0.03794156707,100.3,172.2765537,173.8398438,poca,2048,20480,0.0003,0.005,0.2,0.95,3,constant,2.784090519,,
4040000,0,-0.058,,7592.876,1348.544111,1631.304688,0.03779600476,100.3,172.277321,173.8398438,poca,2048,20480,0.0003,0.005,0.2,0.95,3,constant,2.767103195,0.01686677523,0.06552799046
4050000,0,0.033,,7602.632,1348.408753,1631.304688,0.03775105708,100.3,172.277558,173.8398438,poca,2048,20480,0.0003,0.005,0.2,0.95,3,constant,2.759239435,,
4060000,0,0.03,,7629.953,1348.314252,1631.304688,0.03761685319,100.3,172.2782654,173.8398438,poca,2048,20480,0.0003,0.005,0.2,0.95,3,constant,2.782747984,0.02394651808,0.07054991275
4070000,0,0.188,,7640.68,1348.187958,1631.304688,0.0375624507,100.3,172.2785522,173.8398438,poca,2048,20480,0.0003,0.005,0.2,0.95,3,constant,2.738098621,,
4080000,0,0.173,,7668.991,1348.032269,1631.304688,0.03742467907,100.3,172.2792785,173.8398438,poca,2048,20480,0.0003,0.005,0.2,0.95,3,constant,2.712139845,0.02056196705,0.07173468918
4090000,0,0.22,,7679.05,1347.888666,1631.304688,0.03737571952,100.3,172.2795365,173.8398438,poca,2048,20480,0.0003,0.005,0.2,0.95,3,constant,2.712166071,,
4100000,0,0.005,,7707.5,1347.831079,1631.304688,0.03723931178,100.3,172.2802556,173.8398438,poca,2048,20480,0.0003,0.005,0.2,0.95,3,constant,2.713580608,0.01314293407,0.07437324524
4110000,0,0.098,,7717.188,1347.775073,1631.304688,0.03719083572,100.3,172.2805112,173.8398438,poca,2048,20480,0.0003,0.005,0.2,0.95,3,constant,2.698121071,,
4120000,0,0.062,,7744.442,1347.673005,1631.304688,0.03706057854,100.3,172.2811978,173.8398438,poca,2048,20480,0.0003,0.005,0.2,0.95,3,constant,2.702977419,0.01970439404,0.07262934744
4130000,0,-0.01,,7755.829,1347.521685,1631.304688,0.03700777202,100.3,172.2814762,173.8398438,poca,2048,20480,0.0003,0.005,0.2,0.95,3,constant,2.718306303,,
4140000,0,0,,7783.735,1347.371836,1631.304688,0.03687403201,100.3,172.2821812,173.8398438,poca,2048,20480,0.0003,0.005,0.2,0.95,3,constant,2.692070246,0.01678502187,0.0722623691
4150000,0,0.064,,7794.202,1347.232067,1631.304688,0.03682650168,100.3,172.2824317,173.8398438,poca,2048,20480,0.0003,0.005,0.2,0.95,3,constant,2.684665918,,
4160000,0,0.349,,7823.272,1347.126382,1631.304688,0.03668935405,100.3,172.2831547,173.8398438,poca,2048,20480,0.0003,0.005,0.2,0.95,3,constant,2.694604158,0.01596537232,0.07791446149
4170000,0,0.132,,7834.003,1346.946481,1631.304688,0.03663759938,100.3,172.2834275,173.8398438,poca,2048,20480,0.0003,0.005,0.2,0.95,3,constant,2.664778471,,
4180000,0,0.013,,7863.131,1346.790429,1631.304688,0.03650185256,100.3,172.2841431,173.8398438,poca,2048,20480,0.0003,0.005,0.2,0.95,3,constant,2.676285982,0.01678063907,0.08501916379
4190000,0,0.321,,7874.067,1346.634483,1631.304688,0.03645062516,100.3,172.2844132,173.8398438,poca,2048,20480,0.0003,0.005,0.2,0.95,3,constant,2.70145607,,
4200000,0,-0.043,,7903.083,1346.495416,1631.304688,0.03632087465,100.3,172.2850972,173.8398438,poca,2048,20480,0.0003,0.005,0.2,0.95,3,constant,2.634058237,0.01336540934,0.08595422655
4210000,0,-0.012,,7913.601,1346.37046,1631.304688,0.03627015361,100.3,172.2853645,173.8398438,poca,2048,20480,0.0003,0.005,0.2,0.95,3,constant,2.654012203,,
4220000,0,0.039,,7944.079,1346.179426,1631.304688,0.03613254079,100.3,172.28609,173.8398438,poca,2048,20480,0.0003,0.005,0.2,0.95,3,constant,2.677618742,0.01289205812,0.08765108138
4230000,0,-0.143,,7954.521,1346.03113,1631.304688,0.0360869016,100.3,172.2863305,173.8398438,poca,2048,20480,0.0003,0.005,0.2,0.95,3,constant,2.640999794,,
4240000,0,0.164,,7983.545,1345.748645,1631.304688,0.03595519758,100.3,172.2870248,173.8398438,poca,2048,20480,0.0003,0.005,0.2,0.95,3,constant,2.687350273,0.02020319737,0.07952558994
4250000,0,0.123,,7993.501,1345.606571,1631.304688,0.03591000503,100.3,172.2872631,173.8398438,poca,2048,20480,0.0003,0.005,0.2,0.95,3,constant,2.705063581,,
4260000,0,0.213,,8020.97,1345.437431,1631.304688,0.03578855067,100.3,172.2879033,173.8398438,poca,2048,20480,0.0003,0.005,0.2,0.95,3,constant,2.593999624,0.0196444951,0.08554393053
4270000,0,-0.11,,8032.443,1345.276285,1631.304688,0.03573483427,100.3,172.2881865,173.8398438,poca,2048,20480,0.0003,0.005,0.2,0.95,3,constant,2.602950096,,
4280000,0,0.168,,8043.187,1345.151793,1631.304688,0.03569019363,100.3,172.2884218,173.8398438,poca,2048,20480,0.0003,0.005,0.2,0.95,3,constant,2.681251287,,
4290000,0,-0.038,,8070.367,1345.078714,1631.304688,0.03557021912,100.3,172.2890542,173.8398438,poca,2048,20480,0.0003,0.005,0.2,0.95,3,constant,2.662377119,0.01848167554,0.08238056302
4300000,0,-0.049,,8081.403,1344.995514,1631.304688,0.03552157155,100.3,172.2893107,173.8398438,poca,2048,20480,0.0003,0.005,0.2,0.95,3,constant,2.634556532,,
4310000,0,-0.006,,8108.299,1344.971586,1631.304688,0.03540272615,100.3,172.2899372,173.8398438,poca,2048,20480,0.0003,0.005,0.2,0.95,3,constant,2.631331682,0.01956974529,0.08569996059
4320000,0,-0.146,,8119.729,1344.938295,1631.304688,0.03535453533,100.3,172.2901912,173.8398438,poca,2048,20480,0.0003,0.005,0.2,0.95,3,constant,2.637998104,,
4330000,0,-0.065,,8146.58,1344.747829,1631.304688,0.03523680316,100.3,172.2908118,173.8398438,poca,2048,20480,0.0003,0.005,0.2,0.95,3,constant,2.618416071,0.01735797897,0.0882453844
4340000,0,0.027,,8156.952,1344.618985,1631.304688,0.03519339739,100.3,172.2910406,173.8398438,poca,2048,20480,0.0003,0.005,0.2,0.95,3,constant,2.617906332,,
4350000,0,0.19,,8184.1,1344.512546,1631.304688,0.03507673419,100.3,172.2916556,173.8398438,poca,2048,20480,0.0003,0.005,0.2,0.95,3,constant,2.631829023,0.01661528461,0.08221687376
4360000,0,-0.08,,8195.828,1344.411028,1631.304688,0.03502513179,100.3,172.2919277,173.8398438,poca,2048,20480,0.0003,0.005,0.2,0.95,3,constant,2.62577796,,
4370000,0,0.144,,8222.821,1344.250038,1631.304688,0.03490957967,100.3,172.2925368,173.8398438,poca,2048,20480,0.0003,0.005,0.2,0.95,3,constant,2.586849689,0.01837778464,0.08424892277
4380000,0,0.063,,8233.843,1344.1152,1631.304688,0.03486272117,100.3,172.2927838,173.8398438,poca,2048,20480,0.0003,0.005,0.2,0.95,3,constant,2.63250351,,
4390000,0,0.006,,8261.194,1343.975543,1631.304688,0.03474823644,100.3,172.2933873,173.8398438,poca,2048,20480,0.0003,0.005,0.2,0.95,3,constant,2.589749813,0.01723728888,0.08667375147
4400000,0,0.109,,8271.874,1343.893907,1631.304688,0.03470602527,100.3,172.2936098,173.8398438,poca,2048,20480,0.0003,0.005,0.2,0.95,3,constant,2.612859011,,
4410000,0,0.069,,8300.124,1343.710875,1631.304688,0.03458837772,100.3,172.29423,173.8398438,poca,2048,20480,0.0003,0.005,0.2,0.95,3,constant,2.595841646,0.01492800191,0.07619954646
4420000,0,0.025,,8311.912,1343.541636,1631.304688,0.03453820116,100.3,172.2944945,173.8398438,poca,2048,20480,0.0003,0.005,0.2,0.95,3,constant,2.592544317,,
4430000,0,0.077,,8338.294,1343.461332,1631.304688,0.03442998313,100.3,172.295065,173.8398438,poca,2048,20480,0.0003,0.005,0.2,0.95,3,constant,2.610703468,0.01603335515,0.09122591466
4440000,0,0.185,,8349.144,1343.406601,1631.304688,0.03438440246,100.3,172.2953053,173.8398438,poca,2048,20480,0.0003,0.005,0.2,0.95,3,constant,2.593577385,,
4450000,0,-0.006,,8375.901,1343.313362,1631.304688,0.03427303263,100.3,172.2958923,173.8398438,poca,2048,20480,0.0003,0.005,0.2,0.95,3,constant,2.543367863,0.0164703913,0.08553981036
4460000,0,-0.118,,8386.406,1343.210264,1631.304688,0.03423196741,100.3,172.2961088,173.8398438,poca,2048,20480,0.0003,0.005,0.2,0.95,3,constant,2.555652618,,
4470000,0,0.231,,8412.581,1343.085091,1631.304688,0.03412565695,100.3,172.2966692,173.8398438,poca,2048,20480,0.0003,0.005,0.2,0.95,3,constant,2.560765982,0.01491211914,0.08789502829
4480000,0,-0.214,,8423.572,1342.932334,1631.304688,0.03408087797,100.3,172.2969053,173.8398438,poca,2048,20480,0.0003,0.005,0.2,0.95,3,constant,2.537252426,,
4490000,0,-0.068,,8450.252,1342.835795,1631.304688,0.03397550244,100.3,172.2974608,173.8398438,poca,2048,20480,0.0003,0.005,0.2,0.95,3,constant,2.587315559,0.0172536578,0.0911553055
4500000,0,0.029,,8460.323,1342.752232,1631.304688,0.03393514669,100.3,172.2976735,173.8398438,poca,2048,20480,0.0003,0.005,0.2,0.95,3,constant,2.556182384,,
4510000,0,0.024,,8486.384,1342.694594,1631.304688,0.03383066903,100.3,172.2982243,173.8398438,poca,2048,20480,0.0003,0.005,0.2,0.95,3,constant,2.588304043,0.0182587672,0.07981690019
4520000,0,-0.115,,8497.325,1342.62554,1631.304688,0.03378666036,100.3,172.2984563,173.8398438,poca,2048,20480,0.0003,0.005,0.2,0.95,3,constant,2.539500237,,
4530000,0,-0.026,,8524.524,1342.52601,1631.304688,0.03367912295,100.3,172.2990231,173.8398438,poca,2048,20480,0.0003,0.005,0.2,0.95,3,constant,2.546650887,0.01663484424,0.08994828165
4540000,0,0.126,,8535.654,1342.448499,1631.304688,0.03363550742,100.3,172.2992531,173.8398438,poca,2048,20480,0.0003,0.005,0.2,0.95,3,constant,2.612073898,,
4550000,0,-0.094,,8560.582,1342.427222,1631.304688,0.03353680009,100.3,172.2997734,173.8398438,poca,2048,20480,0.0003,0.005,0.2,0.95,3,constant,2.533099651,0.01980750263,0.08630467206
4560000,0,0.108,,8571.715,1342.330816,1631.304688,0.03349355217,100.3,172.3000014,173.8398438,poca,2048,20480,0.0003,0.005,0.2,0.95,3,constant,2.573399067,,
4570000,0,-0.132,,8597.431,1342.291433,1631.304688,0.03339177186,100.3,172.3005379,173.8398438,poca,2048,20480,0.0003,0.005,0.2,0.95,3,constant,2.546312571,0.01314677298,0.0787460655
4580000,0,0.028,,8608.775,1342.261478,1631.304688,0.03334889693,100.3,172.3007639,173.8398438,poca,2048,20480,0.0003,0.005,0.2,0.95,3,constant,2.534168482,,
4590000,0,-0.144,,8634.46,1342.200213,1631.304688,0.0332518622,100.3,172.3012754,173.8398438,poca,2048,20480,0.0003,0.005,0.2,0.95,3,constant,2.536801815,0.01292330027,0.08775744587
4600000,0,0.154,,8645.285,1342.139422,1631.304688,0.03320934558,100.3,172.3014996,173.8398438,poca,2048,20480,0.0003,0.005,0.2,0.95,3,constant,2.501669884,,
4610000,0,-0.264,,8671.962,1342.052394,1631.304688,0.03310544612,100.3,172.3020473,173.8398438,poca,2048,20480,0.0003,0.005,0.2,0.95,3,constant,2.511724234,0.0174306538,0.0863481164
4620000,0,-0.078,,8683.517,1341.926833,1631.304688,0.03306330286,100.3,172.3022694,173.8398438,poca,2048,20480,0.0003,0.005,0.2,0.95,3,constant,2.477469683,,
4630000,0,0.139,,8694.888,1341.818832,1631.304688,0.03302126676,100.3,172.302491,173.8398438,poca,2048,20480,0.0003,0.005,0.2,0.95,3,constant,2.505331755,,
4640000,0,0.13,,8721.575,1341.758957,1631.304688,0.032918539,100.3,172.3030326,173.8398438,poca,2048,20480,0.0003,0.005,0.2,0.95,3,constant,2.48490715,0.01563148759,0.09321631491
4650000,0,-0.022,,8732.213,1341.724812,1631.304688,0.0328806537,100.3,172.3032323,173.8398438,poca,2048,20480,0.0003,0.005,0.2,0.95,3,constant,2.507733583,,
4660000,0,-0.01,,8758.599,1341.647789,1631.304688,0.03277879761,100.3,172.3037692,173.8398438,poca,2048,20480,0.0003,0.005,0.2,0.95,3,constant,2.502815723,0.01831972599,0.09154460579
4670000,0,-0.075,,8769.423,1341.575063,1631.304688,0.0327412331,100.3,172.3039672,173.8398438,poca,2048,20480,0.0003,0.005,0.2,0.95,3,constant,2.485515118,,
4680000,0,0.029,,8795.979,1341.535041,1631.304688,0.03264023763,100.3,172.3044996,173.8398438,poca,2048,20480,0.0003,0.005,0.2,0.95,3,constant,2.455973864,0.01459727064,0.09196422994
4690000,0,0.037,,8807.11,1341.481103,1631.304688,0.03259926974,100.3,172.3047156,173.8398438,poca,2048,20480,0.0003,0.005,0.2,0.95,3,constant,2.51908493,,
4700000,0,0.061,,8832.532,1341.489843,1631.304688,0.03250654227,100.3,172.3052044,173.8398438,poca,2048,20480,0.0003,0.005,0.2,0.95,3,constant,2.468126059,0.01741701737,0.09131739289
4710000,0,-0.144,,8843.418,1341.463024,1631.304688,0.03246590909,100.3,172.3054186,173.8398438,poca,2048,20480,0.0003,0.005,0.2,0.95,3,constant,2.480577469,,
4720000,0,0.099,,8869.536,1341.43279,1631.304688,0.03237026966,100.3,172.3059228,173.8398438,poca,2048,20480,0.0003,0.005,0.2,0.95,3,constant,2.475143194,0.01565910131,0.08124859631
4730000,0,0.103,,8880.948,1341.375235,1631.304688,0.03232997624,100.3,172.3061352,173.8398438,poca,2048,20480,0.0003,0.005,0.2,0.95,3,constant,2.442920446,,
4740000,0,0.104,,8906.617,1341.366267,1631.304688,0.03223877229,100.3,172.3066159,173.8398438,poca,2048,20480,0.0003,0.005,0.2,0.95,3,constant,2.43752861,0.02006740496,0.09802605212
4750000,0,0.107,,8917.731,1341.314155,1631.304688,0.03219517692,100.3,172.3068458,173.8398438,poca,2048,20480,0.0003,0.005,0.2,0.95,3,constant,2.454422951,,
4760000,0,-0.124,,8943.825,1341.236016,1631.304688,0.03210473087,100.3,172.3073225,173.8398438,poca,2048,20480,0.0003,0.005,0.2,0.95,3,constant,2.427943945,0.01711037382,0.09595101327
4770000,0,0.004,,8954.866,1341.111089,1631.304688,0.0320650954,100.3,172.3075315,173.8398438,poca,2048,20480,0.0003,0.005,0.2,0.95,3,constant,2.434679747,,
4780000,0,0.356,,8980.232,1341.041872,1631.304688,0.03197179946,100.3,172.3080233,173.8398438,poca,2048,20480,0.0003,0.005,0.2,0.95,3,constant,2.432012796,0.01663460582,0.0952514708
4790000,0,-0.08,,8990.796,1340.995425,1631.304688,0.03193606081,100.3,172.3082117,173.8398438,poca,2048,20480,0.0003,0.005,0.2,0.95,3,constant,2.3924191,,
4800000,0,0.009,,9017,1340.940573,1631.304688,0.03184351315,100.3,172.3086995,173.8398438,poca,2048,20480,0.0003,0.005,0.2,0.95,3,constant,2.420984745,0.0152595453,0.09570731223
4810000,0,-0.143,,9028.202,1340.865862,1631.304688,0.03180451965,100.3,172.3089051,173.8398438,poca,2048,20480,0.0003,0.005,0.2,0.95,3,constant,2.388485432,,
4820000,0,0.041,,9054.475,1340.807063,1631.304688,0.03171273171,100.3,172.309389,173.8398438,poca,2048,20480,0.0003,0.005,0.2,0.95,3,constant,2.396899939,0.01900178194,0.09885279834
4830000,0,-0.029,,9065.937,1340.733085,1631.304688,0.0316705465,100.3,172.3096113,173.8398438,poca,2048,20480,0.0003,0.005,0.2,0.95,3,constant,2.368665934,,
4840000,0,0.038,,9092.128,1340.66805,1631.304688,0.03157952913,100.3,172.3100911,173.8398438,poca,2048,20480,0.0003,0.005,0.2,0.95,3,constant,2.387869358,0.0181639418,0.1070539206
4850000,0,0.009,,9103.318,1340.560895,1631.304688,0.03154117907,100.3,172.3102933,173.8398438,poca,2048,20480,0.0003,0.005,0.2,0.95,3,constant,2.408680439,,
4860000,0,0.081,,9129.183,1340.493659,1631.304688,0.0314543653,100.3,172.3107509,173.8398438,poca,2048,20480,0.0003,0.005,0.2,0.95,3,constant,2.343063831,0.0156615749,0.09858036786
4870000,0,-0.259,,9140.814,1340.420988,1631.304688,0.03141286421,100.3,172.3109697,173.8398438,poca,2048,20480,0.0003,0.005,0.2,0.95,3,constant,2.371575117,,
4880000,0,-0.192,,9166.496,1340.373711,1631.304688,0.03132675439,100.3,172.3114236,173.8398438,poca,2048,20480,0.0003,0.005,0.2,0.95,3,constant,2.352128744,0.0186754968,0.09517522901
4890000,0,0.082,,9177.083,1340.29228,1631.304688,0.03128901544,100.3,172.3116226,173.8398438,poca,2048,20480,0.0003,0.005,0.2,0.95,3,constant,2.384468555,,
4900000,0,-0.05,,9203.024,1340.224598,1631.304688,0.03120017473,100.3,172.3120909,173.8398438,poca,2048,20480,0.0003,0.005,0.2,0.95,3,constant,2.32540679,0.01765850559,0.0911508128
4910000,0,0.016,,9214.404,1340.116295,1631.304688,0.03116273997,100.3,172.3122882,173.8398438,poca,2048,20480,0.0003,0.005,0.2,0.95,3,constant,2.336889744,,
4920000,0,0.144,,9240.974,1340.043443,1631.304688,0.03107461388,100.3,172.3127528,173.8398438,poca,2048,20480,0.0003,0.005,0.2,0.95,3,constant,2.320836782,0.01755813882,0.1001783609
4930000,0,0,,9251.917,1339.960206,1631.304688,0.03103747963,100.3,172.3129486,173.8398438,poca,2048,20480,0.0003,0.005,0.2,0.95,3,constant,2.285827875,,
4940000,0,-0.166,,9277.763,1339.846927,1631.304688,0.03095005958,100.3,172.3134094,173.8398438,poca,2048,20480,0.0003,0.005,0.2,0.95,3,constant,2.320683956,0.01274705306,0.1017691195
4950000,0,-0.038,,9289.504,1339.698303,1631.304688,0.03091322225,100.3,172.3136036,173.8398438,poca,2048,20480,0.0003,0.005,0.2,0.95,3,constant,2.355880976,,
4960000,0,-0.054,,9315.724,1339.558834,1631.304688,0.03082317402,100.3,172.3140783,173.8398438,poca,2048,20480,0.0003,0.005,0.2,0.95,3,constant,2.32075119,0.0195871722,0.09927111119
4970000,0,0.061,,9326.726,1339.430498,1631.304688,0.03078995581,100.3,172.3142534,173.8398438,poca,2048,20480,0.0003,0.005,0.2,0.95,3,constant,2.33790803,,
4980000,0,-0.044,,9337.735,1339.303365,1631.304688,0.03075349839,100.3,172.3144456,173.8398438,poca,2048,20480,0.0003,0.005,0.2,0.95,3,constant,2.314842701,,
4990000,0,0.109,,9364.17,1339.219655,1631.304688,0.03066437695,100.3,172.3149154,173.8398438,poca,2048,20480,0.0003,0.005,0.2,0.95,3,constant,2.327151537,0.01889427193,0.1059045643
5000000,0,-0.09,,9375.254,1339.144853,1631.304688,0.03062821612,100.3,172.315106,173.8398438,poca,2048,20480,0.0003,0.005,0.2,0.95,3,constant,2.343681812,,