strategy;game_play;max_steps;batch_size;num_layers;hidden_units;buffer_units;total_duration
poca;soccer;20000;8964;;;64705;114.17117738723756
poca;soccer;960000;2048;;;20480;13467.23175907135
poca;soccer;640000;4096;;;20480;9154.910551309586
poca;soccer;420000;2048;;;20480;27806.82258176804
poca;soccer;430000;2048;;;20480;27800.90120983124
poca;soccer;430000;2048;;;20480;27792.197502851486
poca;soccer;430000;2048;;;20480;27786.516070842743
poca;soccer;430000;2048;;;20480;27780.84646821022
poca;soccer;1660000;9177;;;34489;33313.7770049572
poca;soccer;700000;9177;;;34489;13038.491500616074
poca;soccer;2040000;9177;;;34489;33280.45528674126
poca;soccer;690000;9177;;;34489;12907.254943609238
poca;soccer;950000;2048;;;20480;13398.03617310524
poca;soccer;1630000;9177;;;34489;33268.25992059708
poca;soccer;1580000;3405;;;63125;31451.226357221603
poca;soccer;1570000;3405;;;63125;31448.11922979355
poca;soccer;2030000;3405;;;63125;31442.287262678143
poca;soccer;1600000;3405;;;63125;26545.81520342827
poca;soccer;1880000;3405;;;63125;31429.488402843475
poca;soccer;870000;5835;;;70460;19828.83761239052
poca;soccer;2950000;5835;;;70460;36575.38700699806
poca;soccer;2800000;5835;;;70460;34964.747215271
poca;soccer;940000;2048;;;20480;13369.20175242424
poca;soccer;730000;5835;;;70460;17307.94295668602
poca;soccer;940000;2048;;;20480;13338.278447151184
poca;soccer;940000;2048;;;20480;13318.776694059372
poca;soccer;640000;4096;;;20480;9181.32715511322
poca;soccer;640000;4096;;;20480;9174.959064483644
poca;soccer;620000;4096;;;20480;9167.66248846054
poca;soccer;640000;4096;;;20480;9161.578250169754
poca;soccer;160000;5245;;;95835;939.7459704875946
poca;soccer;700000;2048;;;20480;5710.432734489441
poca;soccer;1600000;2048;;;20480;20568.13388299942
poca;soccer;1590000;2048;;;20480;20635.65886068344
poca;soccer;1600000;2048;;;20480;20644.586870908737
poca;soccer;850000;2048;;;20480;9006.747295379639
poca;soccer;1620000;2048;;;20480;17361.37713456154
poca;soccer;1630000;2048;;;20480;17348.95117688179
poca;soccer;1800000;2048;;;20480;16574.29940724373
poca;soccer;1590000;2048;;;20480;17719.961042165756
poca;soccer;1580000;2048;;;20480;17706.060285806656
poca;soccer;670000;2048;;;20480;7134.861765623093
poca;soccer;660000;2048;;;20480;7082.208986520767
poca;soccer;970000;2048;;;20480;10351.539359807968
poca;soccer;1370000;2048;;;20480;15316.471497297289
poca;soccer;1370000;2048;;;20480;15307.744201660156
poca;soccer;1020000;2048;;;20480;11573.149740695952
poca;soccer;510000;2048;;;20480;8108.97464799881
poca;soccer;510000;2048;;;20480;8104.788193702698
poca;soccer;510000;2048;;;20480;8100.919000387192
poca;soccer;1300000;2048;;;20480;14756.54293203354
poca;soccer;1290000;2048;;;20480;14736.304081439972
poca;soccer;1290000;2048;;;20480;14722.956555128098
poca;soccer;620000;2048;;;20480;9304.627391815186
poca;soccer;620000;2048;;;20480;9284.246625423431
poca;soccer;620000;2048;;;20480;9270.77095389366
poca;soccer;1480000;2048;;;20480;20326.9064142704
poca;soccer;950000;2048;;;20480;20324.13341164589
poca;soccer;1490000;2048;;;20480;20324.036497831345
poca;soccer;770000;2048;;;20480;9646.9797437191
poca;soccer;760000;2048;;;20480;9625.807464122772
poca;soccer;770000;2048;;;20480;9614.763172388077
poca;soccer;1590000;2048;;;20480;15146.507515192032
poca;soccer;730000;2048;;;20480;10138.085390090942
poca;soccer;730000;2048;;;20480;10116.01033592224
poca;soccer;720000;2048;;;20480;10101.70520925522
poca;soccer;730000;2048;;;20480;10072.442293405533
poca;soccer;410000;2048;;;20480;5452.257261514664
poca;soccer;380000;2048;;;20480;5437.8234167099
poca;soccer;400000;2048;;;20480;5414.009315252304
poca;soccer;410000;2048;;;20480;5398.0056076049805
poca;soccer;3000000;2048;;;20480;36672.48187422752
poca;soccer;2980000;2048;;;20480;36663.43608546257
poca;soccer;2990000;2048;;;20480;36655.16245150566
poca;soccer;3000000;2048;;;20480;36608.00826907158
poca;soccer;1310000;8999;;;68891;16532.604788541794
poca;soccer;1250000;8999;;;68891;16501.315029859543
poca;soccer;1870000;3523;;;89004;16497.96086525917
poca;soccer;2650000;3523;;;89004;20327.062321662903
poca;soccer;1480000;5559;;;12971;19083.273637533188
poca;soccer;1960000;1706;;;79501;23761.25207018852
poca;soccer;1690000;1787;;;13451;17330.897859334946
poca;soccer;2520000;2750;;;95934;26455.347799777985
poca;soccer;960000;1787;;;13451;10222.977014064789
poca;soccer;770000;3557;;;58642;9671.896023750303
poca;soccer;840000;3557;;;58642;9636.682845115662
poca;soccer;1190000;4018;;;63570;23470.88953852653
poca;soccer;1210000;4018;;;63570;23457.77513742447
poca;soccer;1200000;4018;;;63570;23441.33378124237
poca;soccer;660000;3213;;;62194;16367.948245286942
poca;soccer;620000;3213;;;62194;16340.232489585876
poca;soccer;620000;3213;;;62194;16331.338814735413
poca;soccer;1950000;7076;;;60222;24751.57327246666
poca;soccer;740000;7076;;;60222;16995.583246946335
poca;soccer;1600000;2048;;;20480;17740.516108989716
poca;soccer;200000;6371;;;53165;1603.0395317077637
poca;soccer;230000;7602;;;66248;1731.6729488372805
poca;soccer;1370000;2048;;;20480;3.314389228820801
poca;soccer;1410000;2048;;;20480;17995.360753297806
poca;soccer;10000;2048;;;20480;231.1879358291626
poca;soccer;1530000;2048;;;20480;17995.40660214424
poca;soccer;10000;2048;;;20480;122.55358862876892
poca;soccer;10000;2048;;;20480;222.68244791030884
poca;soccer;1530000;2048;;;20480;17995.478893756866
poca;soccer;10000;2048;;;20480;225.38365411758423
poca;soccer;1500000;2048;;;20480;17995.309742212296
poca;soccer;1510000;2048;;;20480;17995.27819418907
poca;soccer;10000;2048;;;20480;124.51955366134644
poca;soccer;1540000;2048;;;20480;17995.321343660355
poca;soccer;1320000;2048;;;20480;17995.37686562538
poca;soccer;1540000;2048;;;20480;17995.384773254395
poca;soccer;1470000;2048;;;20480;17995.271503925323
poca;soccer;1570000;2048;;;20480;17995.398915052414
poca;soccer;1660000;2048;;;20480;19845.67032814026
poca;soccer;1310000;2048;;;20480;17995.40541243553
poca;soccer;1510000;2048;;;20480;17995.380806207657
poca;soccer;1460000;2048;;;20480;17995.257957458496
poca;soccer;1470000;2048;;;20480;17995.342717170715
poca;soccer;1430000;2048;;;20480;17995.389546871185
poca;soccer;570000;2048;;;20480;6776.1122415065765
poca;soccer;1480000;2048;;;20480;17995.39518928528
poca;soccer;1460000;2048;;;20480;17995.3785841465
poca;soccer;1370000;2048;;;20480;17995.223233938217
poca;soccer;1440000;2048;;;20480;17995.251380443573
poca;soccer;1480000;2048;;;20480;17995.107580900192
poca;soccer;1390000;2048;;;20480;17995.246988534927
poca;soccer;1430000;2048;;;20480;17995.274042367935
poca;soccer;1300000;2048;;;20480;17995.211889505386
poca;soccer;1350000;2048;;;20480;17995.1273624897
poca;soccer;1430000;2048;;;20480;17995.37286758423
poca;soccer;1460000;2048;;;20480;17995.204900979996
poca;soccer;1410000;2048;;;20480;17995.079434633255
poca;soccer;1400000;2048;;;20480;17995.10270524025
poca;soccer;1440000;2048;;;20480;17995.223079681396
poca;soccer;1470000;2048;;;20480;17995.151477098465
poca;soccer;1530000;2048;;;20480;17995.40895986557
poca;soccer;1460000;2048;;;20480;17995.137134552002
poca;soccer;1440000;4096;;;40960;17995.25778579712
poca;soccer;1440000;4096;;;40960;17995.14132499695
poca;soccer;1460000;4096;;;40960;17995.330678462982
poca;soccer;1450000;4096;;;40960;17995.102283477783
poca;soccer;1430000;4096;;;40960;17995.288905143738
poca;soccer;1460000;4096;;;40960;17995.039749383926
poca;soccer;1390000;4096;;;40960;17995.1874063015
poca;soccer;1440000;4096;;;40960;17995.217224359512
poca;soccer;1440000;4096;;;40960;17995.055317401886
poca;soccer;1510000;2048;;;20480;17995.34566259384
poca;soccer;1460000;4096;;;40960;17995.148315906525
poca;soccer;1450000;4096;;;40960;17995.323965072632
poca;soccer;620000;4096;;;40960;7716.180715084076
poca;soccer;1410000;2048;;;20480;17995.324975967407
poca;soccer;1390000;2048;;;20480;17995.289088249207
poca;soccer;1460000;2048;;;20480;17995.29445552826
poca;soccer;1410000;2048;;;20480;17995.244659662247
poca;soccer;730000;2048;;;20480;8963.350725412369
poca;soccer;1490000;2048;;;20480;17995.35598397255
poca;soccer;490000;2048;;;20480;6123.907691001892
poca;soccer;500000;2048;;;20480;6068.017175197601
poca;soccer;1520000;2048;;;20480;17995.343849420547
poca;soccer;1480000;2048;;;20480;17995.343133449554
poca;soccer;10000;2048;;;20480;130.46212792396545
poca;soccer;10000;2048;;;20480;130.56464529037476
poca;soccer;1510000;2048;;;20480;17995.28589963913
poca;soccer;10000;9580;;;10852;58.17578315734863
poca;soccer;5000000;1024;;;10240;7531.147
poca;soccer;5000000;2048;;;20480;9375.254
poca;soccer;5000000;2048;;;20480;7523.028
poca;soccer;5000000;4096;;;40960;13094.293